﻿Brand,Category,Year,ALI Score,Annual Sales (USD B),Brand Perception,Price
Zara,Affordable Luxury,2013,0.3818,11.88,0.83,0.37
Zara,Affordable Luxury,2014,0.3948,13.07,0.84,0.37
Zara,Affordable Luxury,2015,0.3948,14.37,0.84,0.37
Zara,Affordable Luxury,2016,0.4032,15.81,0.84,0.36
Zara,Affordable Luxury,2017,0.4165,17.39,0.85,0.36
Zara,Affordable Luxury,2018,0.43,19.13,0.86,0.36
Zara,Affordable Luxury,2019,0.43,21.05,0.86,0.36
Zara,Affordable Luxury,2020,0.43,17.36,0.86,0.36
Zara,Affordable Luxury,2021,0.4524,25.47,0.85,0.35
Zara,Affordable Luxury,2022,0.4664,28.01,0.86,0.35
H&M,Fast Fashion,2013,0.0884,17,0.52,0.35
H&M,Fast Fashion,2014,0.0396,17.51,0.44,0.35
H&M,Fast Fashion,2015,0.0686,18.04,0.49,0.35
H&M,Fast Fashion,2016,0.0799,18.58,0.47,0.3
H&M,Fast Fashion,2017,0.0624,19.13,0.48,0.35
H&M,Fast Fashion,2018,0.0132,19.71,0.44,0.41
H&M,Fast Fashion,2019,0.0952,20.3,0.56,0.39
H&M,Fast Fashion,2020,0.0598,17.77,0.46,0.33
H&M,Fast Fashion,2021,0.0245,21.54,0.49,0.44
H&M,Fast Fashion,2022,0.09,22.18,0.5,0.32
Forever 21,Fast Fashion,2013,0.044,4,0.4,0.29
Forever 21,Fast Fashion,2014,0.0484,4.12,0.44,0.33
Forever 21,Fast Fashion,2015,0.0559,4.24,0.43,0.3
Forever 21,Fast Fashion,2016,0.0585,4.37,0.45,0.32
Forever 21,Fast Fashion,2017,0.09,4.5,0.45,0.25
Forever 21,Fast Fashion,2018,0.0828,4.64,0.46,0.28
Forever 21,Fast Fashion,2019,0.0658,4.78,0.47,0.33
Forever 21,Fast Fashion,2020,0.0748,4.18,0.44,0.27
Forever 21,Fast Fashion,2021,0.032,5.07,0.4,0.32
Forever 21,Fast Fashion,2022,0.0369,5.22,0.41,0.32
Shein,Fast Fashion,2013,0.092,0.8,0.46,0.26
Shein,Fast Fashion,2014,0.0738,0.82,0.41,0.23
Shein,Fast Fashion,2015,0.0903,0.85,0.43,0.22
Shein,Fast Fashion,2016,0.0714,0.87,0.42,0.25
Shein,Fast Fashion,2017,0.068,0.9,0.4,0.23
Shein,Fast Fashion,2018,0.0429,0.93,0.39,0.28
Shein,Fast Fashion,2019,0.0792,0.96,0.44,0.26
Shein,Fast Fashion,2020,0.081,0.84,0.45,0.27
Shein,Fast Fashion,2021,0.0893,1.01,0.47,0.28
Shein,Fast Fashion,2022,0.0494,1.04,0.38,0.25
Gucci,Luxury,2013,0.019,8.6,0.95,0.93
Gucci,Luxury,2014,0.0186,8.81,0.93,0.91
Gucci,Luxury,2015,0.0285,9.04,0.95,0.92
Gucci,Luxury,2016,0.0188,9.26,0.94,0.92
Gucci,Luxury,2017,0.038,9.49,0.95,0.91
Gucci,Luxury,2018,0.0188,9.73,0.94,0.92
Gucci,Luxury,2019,0.038,9.97,0.95,0.91
Gucci,Luxury,2020,0,9.2,0.95,0.95
Gucci,Luxury,2021,0.0285,10.48,0.95,0.92
Gucci,Luxury,2022,0.0094,10.74,0.94,0.93
Prada,Luxury,2013,0.047,6.5,0.94,0.89
Prada,Luxury,2014,0.0279,6.66,0.93,0.9
Prada,Luxury,2015,0.0184,6.83,0.92,0.9
Prada,Luxury,2016,0.047,7,0.94,0.89
Prada,Luxury,2017,0,7.17,0.92,0.92
Prada,Luxury,2018,0.0279,7.35,0.93,0.9
Prada,Luxury,2019,0.0091,7.54,0.91,0.9
Prada,Luxury,2020,0.0279,6.95,0.93,0.9
Prada,Luxury,2021,0.0376,7.92,0.94,0.9
Prada,Luxury,2022,0.0372,8.12,0.93,0.89
Louis Vuitton,Luxury,2013,0,9.2,0.95,0.95
Louis Vuitton,Luxury,2014,0.0096,9.43,0.96,0.95
Louis Vuitton,Luxury,2015,0.0285,9.67,0.95,0.92
Louis Vuitton,Luxury,2016,0,9.91,0.96,0.96
Louis Vuitton,Luxury,2017,0.0388,10.16,0.97,0.93
Louis Vuitton,Luxury,2018,0.0192,10.41,0.96,0.94
Louis Vuitton,Luxury,2019,0,10.67,0.96,0.96
Louis Vuitton,Luxury,2020,0.0288,9.84,0.96,0.93
Louis Vuitton,Luxury,2021,0.0495,11.21,0.99,0.94
Louis Vuitton,Luxury,2022,0.0192,11.49,0.96,0.94
Chanel,Luxury,2013,0.0188,7.8,0.94,0.92
Chanel,Luxury,2014,0,7.99,0.93,0.93
Chanel,Luxury,2015,0.0093,8.19,0.93,0.92
Chanel,Luxury,2016,0.0094,8.4,0.94,0.93
Chanel,Luxury,2017,0.0093,8.61,0.93,0.92
Chanel,Luxury,2018,0.0094,8.82,0.94,0.93
Chanel,Luxury,2019,0.0093,9.05,0.93,0.92
Chanel,Luxury,2020,0.0376,8.34,0.94,0.9
Chanel,Luxury,2021,0.0291,9.5,0.97,0.94
Chanel,Luxury,2022,0.0384,9.74,0.96,0.92
