﻿City,Country,Store,Store Type,Avg Price Range (USD),Distance from Nearest Zara (km),Latitude,Longitude
NYC,USA,Zara,Fast Fashion (Luxury-Like),60,0,51.84165138,59.29424663
NYC,USA,Gucci,Luxury,1477,0.513333333,51.84275137,59.30534802
NYC,USA,Chanel,Luxury,2822,1.606666667,51.86031998,59.27648692
NYC,USA,Uniqlo,Fast Fashion,54,2.79,51.85746754,59.2854592
NYC,USA,Balenciaga,Luxury,1167,1.326666667,51.82550708,59.30667249
NYC,USA,Nike,Fast Fashion,103,2.145,51.83557836,59.27591963
NYC,USA,Prada,Luxury,1473,1.386666667,51.85902957,59.28294816
NYC,USA,LV,Luxury,1587,1.106666667,51.82683825,59.29163439
NYC,USA,H&M,Fast Fashion,45,2.07,51.83861922,59.31371755
NYC,USA,Forever 21,Fast Fashion,34,2.445,51.85609168,59.29832487
London,UK,Zara,Fast Fashion (Luxury-Like),58,0,38.36153865,59.91210577
London,UK,Gucci,Luxury,1390,0.766666667,38.35128234,59.91057354
London,UK,Chanel,Luxury,2034,1.526666667,38.34197347,59.92038268
London,UK,Uniqlo,Fast Fashion,54,4.035,38.38123308,59.89413241
London,UK,Balenciaga,Luxury,1208,1.6,38.3417517,59.92329476
London,UK,Nike,Fast Fashion,79,2.325,38.34865084,59.91895576
London,UK,Prada,Luxury,1415,1.5,38.37840307,59.92634342
London,UK,LV,Luxury,1500,0.74,38.3707247,59.91709869
London,UK,H&M,Fast Fashion,40,1.095,38.36647564,59.91768445
London,UK,Forever 21,Fast Fashion,38,1.485,38.36331616,59.90096643
Paris,France,Zara,Fast Fashion (Luxury-Like),55,0,50.17408903,-6.726626935
Paris,France,Gucci,Luxury,1286,1.213333333,50.18619161,-6.709498987
Paris,France,Chanel,Luxury,2860,0.766666667,50.17729297,-6.741904394
Paris,France,Uniqlo,Fast Fashion,40,1.89,50.18277295,-6.71520681
Paris,France,Balenciaga,Luxury,1007,1.306666667,50.15668708,-6.722391709
Paris,France,Nike,Fast Fashion,60,2.835,50.1571164,-6.726006372
Paris,France,Prada,Luxury,1488,0.246666667,50.17182592,-6.722784587
Paris,France,LV,Luxury,1659,0.82,50.16946691,-6.742191441
Paris,France,H&M,Fast Fashion,44,2.265,50.1622789,-6.737086879
Paris,France,Forever 21,Fast Fashion,35,2.205,50.18705072,-6.730595486
Milan,Italy,Zara,Fast Fashion (Luxury-Like),53,0,45.91267315,19.41194774
Milan,Italy,Gucci,Luxury,1455,0.466666667,45.91403225,19.40310207
Milan,Italy,Chanel,Luxury,2228,1.526666667,45.93101902,19.3986198
Milan,Italy,Uniqlo,Fast Fashion,55,3.345,45.92981824,19.42682858
Milan,Italy,Balenciaga,Luxury,1537,1.273333333,45.92964873,19.40833936
Milan,Italy,Nike,Fast Fashion,118,2.865,45.90056705,19.39454691
Milan,Italy,Prada,Luxury,1435,1.333333333,45.9298654,19.41959152
Milan,Italy,LV,Luxury,1626,1.5,45.92749308,19.43170818
Milan,Italy,H&M,Fast Fashion,44,2.145,45.90281353,19.40001262
Milan,Italy,Forever 21,Fast Fashion,42,1.515,45.91323054,19.42497818
Tokyo,Japan,Zara,Fast Fashion (Luxury-Like),58,0,54.01682642,119.96808
Tokyo,Japan,Gucci,Luxury,1497,0.82,54.02786742,119.9683475
Tokyo,Japan,Chanel,Luxury,2414,1.08,54.00517146,119.9532979
Tokyo,Japan,Uniqlo,Fast Fashion,47,2.565,54.00267965,119.9784287
Tokyo,Japan,Balenciaga,Luxury,1289,1.046666667,54.0066696,119.9514199
Tokyo,Japan,Nike,Fast Fashion,98,1.8,54.02518677,119.9565258
Tokyo,Japan,Prada,Luxury,1513,1.28,54.00090772,119.979314
Tokyo,Japan,LV,Luxury,1568,0.7,54.02490716,119.9598087
Tokyo,Japan,H&M,Fast Fashion,50,2.28,54.02946239,119.9766943
Tokyo,Japan,Forever 21,Fast Fashion,44,0.87,54.01203858,119.9714918
Berlin,Germany,Zara,Fast Fashion (Luxury-Like),55,0,49.6898817,49.34035342
Berlin,Germany,Gucci,Luxury,1446,1.346666667,49.67666604,49.32123326
Berlin,Germany,Chanel,Luxury,2647,0.42,49.69534091,49.33799996
Berlin,Germany,Uniqlo,Fast Fashion,36,0.285,49.68829036,49.34136466
Berlin,Germany,Balenciaga,Luxury,1475,1.3,49.70604457,49.32999179
Berlin,Germany,Nike,Fast Fashion,64,1.635,49.68098672,49.34680587
Berlin,Germany,Prada,Luxury,1511,0.746666667,49.69930413,49.33491367
Berlin,Germany,LV,Luxury,1521,1.186666667,49.6763324,49.32712634
Berlin,Germany,H&M,Fast Fashion,46,1.545,49.68269526,49.33141195
Berlin,Germany,Forever 21,Fast Fashion,37,2.88,49.67708808,49.35812571
Madrid,Spain,Zara,Fast Fashion (Luxury-Like),57,0,49.28891599,31.72852416
Madrid,Spain,Gucci,Luxury,1420,0.96,49.27831101,31.71707073
Madrid,Spain,Chanel,Luxury,2869,1.12,49.27831258,31.71204684
Madrid,Spain,Uniqlo,Fast Fashion,45,3.09,49.270367,31.72771769
Madrid,Spain,Balenciaga,Luxury,1132,0.18,49.29116525,31.72700116
Madrid,Spain,Nike,Fast Fashion,86,1.53,49.29500188,31.7390501
Madrid,Spain,Prada,Luxury,1558,1.346666667,49.30463653,31.74233657
Madrid,Spain,LV,Luxury,1503,1.006666667,49.29881447,31.7428101
Madrid,Spain,H&M,Fast Fashion,43,2.13,49.30153783,31.73121243
Madrid,Spain,Forever 21,Fast Fashion,33,1.98,49.29574247,31.74338818
Dubai,UAE,Zara,Fast Fashion (Luxury-Like),53,0,43.72010744,95.29435862
Dubai,UAE,Gucci,Luxury,1414,1.026666667,43.72835766,95.27906637
Dubai,UAE,Chanel,Luxury,2779,1.22,43.73462126,95.28362001
Dubai,UAE,Uniqlo,Fast Fashion,43,2.505,43.70766938,95.28281974
Dubai,UAE,Balenciaga,Luxury,1612,0.946666667,43.71189756,95.30793373
Dubai,UAE,Nike,Fast Fashion,120,2.01,43.71895909,95.31096324
Dubai,UAE,Prada,Luxury,1423,1.26,43.72949123,95.31384893
Dubai,UAE,LV,Luxury,1547,1.473333333,43.73620383,95.31056515
Dubai,UAE,H&M,Fast Fashion,40,0.705,43.71950661,95.28855699
Dubai,UAE,Forever 21,Fast Fashion,34,1.635,43.71779445,95.30744809
LA,USA,Zara,Fast Fashion (Luxury-Like),57,0,40.79000475,118.0096489
LA,USA,Gucci,Luxury,1473,1.133333333,40.78026,117.9941568
LA,USA,Chanel,Luxury,2203,1.006666667,40.78236404,118.0244005
LA,USA,Uniqlo,Fast Fashion,45,2.985,40.77487217,118.0222247
LA,USA,Balenciaga,Luxury,1501,0.746666667,40.79841346,118.0022953
LA,USA,Nike,Fast Fashion,78,3.795,40.80874704,118.0266306
LA,USA,Prada,Luxury,1406,1.126666667,40.80475975,118.0145651
LA,USA,LV,Luxury,1574,1.52,40.77021084,118.0024329
LA,USA,H&M,Fast Fashion,49,2.01,40.79090157,117.9938632
LA,USA,Forever 21,Fast Fashion,31,3.27,40.80957289,118.0073201
Seoul,South Korea,Zara,Fast Fashion (Luxury-Like),51,0,48.25033211,14.80306813
Seoul,South Korea,Gucci,Luxury,1457,0.246666667,48.25357815,14.80228327
Seoul,South Korea,Chanel,Luxury,2392,1.006666667,48.26379532,14.80582326
Seoul,South Korea,Uniqlo,Fast Fashion,43,1.935,48.23888116,14.80565962
Seoul,South Korea,Balenciaga,Luxury,1531,0.86,48.23877664,14.80227883
Seoul,South Korea,Nike,Fast Fashion,112,1.575,48.25266004,14.8167077
Seoul,South Korea,Prada,Luxury,1484,0.62,48.25606586,14.79392728
Seoul,South Korea,LV,Luxury,1520,0.353333333,48.25446417,14.80674228
Seoul,South Korea,H&M,Fast Fashion,40,2.745,48.26680364,14.80168826
Seoul,South Korea,Forever 21,Fast Fashion,40,0.99,48.24683019,14.79582457
