﻿Brand Category1,Word1,Word Frequency
Zara,Elegant,68
Zara,Trendy,61
Zara,Exclusive,65
Zara,Affordable,22
Zara,Minimal,54
Zara,Flashy,45
Zara,Timeless,57
Zara,Streetwear,48
Zara,Luxury,66
Zara,Casual,43
Zara,Sustainable,43
Zara,Premium,63
Zara,Fast,52
Zara,Modern,61
Zara,Classic,68
Zara,Hyped,58
Zara,Innovative,71
Zara,Expensive,56
Luxury Brands,Elegant,73
Luxury Brands,Trendy,66
Luxury Brands,Exclusive,77
Luxury Brands,Affordable,13
Luxury Brands,Minimal,44
Luxury Brands,Flashy,39
Luxury Brands,Timeless,67
Luxury Brands,Streetwear,41
Luxury Brands,Luxury,74
Luxury Brands,Casual,39
Luxury Brands,Sustainable,48
Luxury Brands,Premium,70
Luxury Brands,Fast,47
Luxury Brands,Modern,64
Luxury Brands,Classic,78
Luxury Brands,Hyped,48
Luxury Brands,Innovative,77
Luxury Brands,Expensive,74
Fast Fashion,Elegant,34
Fast Fashion,Trendy,100
Fast Fashion,Exclusive,27
Fast Fashion,Affordable,101
Fast Fashion,Minimal,31
Fast Fashion,Flashy,53
Fast Fashion,Timeless,29
Fast Fashion,Streetwear,91
Fast Fashion,Luxury,25
Fast Fashion,Casual,105
Fast Fashion,Sustainable,80
Fast Fashion,Premium,30
Fast Fashion,Fast,106
Fast Fashion,Modern,94
Fast Fashion,Classic,45
Fast Fashion,Hyped,107
Fast Fashion,Innovative,72
Fast Fashion,Expensive,35
