﻿Brand,Category,Year,Sales (Billion USD)
Gucci,Luxury,2014,6.5
Gucci,Luxury,2015,6.6
Gucci,Luxury,2016,6.4
Gucci,Luxury,2017,6.3
Gucci,Luxury,2018,6.2
Gucci,Luxury,2019,6.1
Gucci,Luxury,2020,5.2
Gucci,Luxury,2021,5.5
Gucci,Luxury,2022,5.6
Prada,Luxury,2014,5.1
Prada,Luxury,2015,5
Prada,Luxury,2016,5.1
Prada,Luxury,2017,4.9
Prada,Luxury,2018,4.8
Prada,Luxury,2019,4.7
Prada,Luxury,2020,3.9
Prada,Luxury,2021,4
Prada,Luxury,2022,4.2
Chanel,Luxury,2014,7.2
Chanel,Luxury,2015,7
Chanel,Luxury,2016,6.9
Chanel,Luxury,2017,6.7
Chanel,Luxury,2018,6.6
Chanel,Luxury,2019,6.5
Chanel,Luxury,2020,5.5
Chanel,Luxury,2021,5.7
Chanel,Luxury,2022,5.9
Louis Vuitton,Luxury,2014,8.3
Louis Vuitton,Luxury,2015,8.2
Louis Vuitton,Luxury,2016,8.1
Louis Vuitton,Luxury,2017,7.9
Louis Vuitton,Luxury,2018,7.8
Louis Vuitton,Luxury,2019,7.7
Louis Vuitton,Luxury,2020,6.7
Louis Vuitton,Luxury,2021,6.9
Louis Vuitton,Luxury,2022,7
H&M,Fast Fashion,2014,4.2
H&M,Fast Fashion,2015,5.3
H&M,Fast Fashion,2016,3.9
H&M,Fast Fashion,2017,6.5
H&M,Fast Fashion,2018,2.7
H&M,Fast Fashion,2019,6
H&M,Fast Fashion,2020,3.2
H&M,Fast Fashion,2021,7.3
H&M,Fast Fashion,2022,4.5
Forever 21,Fast Fashion,2014,3.1
Forever 21,Fast Fashion,2015,2
Forever 21,Fast Fashion,2016,4.5
Forever 21,Fast Fashion,2017,2.2
Forever 21,Fast Fashion,2018,5.3
Forever 21,Fast Fashion,2019,2.1
Forever 21,Fast Fashion,2020,1.1
Forever 21,Fast Fashion,2021,2.9
Forever 21,Fast Fashion,2022,4
Shein,Fast Fashion,2014,2.4
Shein,Fast Fashion,2015,3.5
Shein,Fast Fashion,2016,2.8
Shein,Fast Fashion,2017,4.9
Shein,Fast Fashion,2018,3.1
Shein,Fast Fashion,2019,5.2
Shein,Fast Fashion,2020,2.3
Shein,Fast Fashion,2021,6.1
Shein,Fast Fashion,2022,5
Zara,Affordable Luxury,2014,5
Zara,Affordable Luxury,2015,5.4
Zara,Affordable Luxury,2016,5.8
Zara,Affordable Luxury,2017,6.3
Zara,Affordable Luxury,2018,6.8
Zara,Affordable Luxury,2019,7.1
Zara,Affordable Luxury,2020,7.5
Zara,Affordable Luxury,2021,7.9
Zara,Affordable Luxury,2022,8.2
