﻿Brand,Category,Position,Season,Adjusted Price,Is Promoted,Luxury Tone Score,Price,Sales Volume
Zara,Top,Back,Winter,47.45,0,4.49,47.45,88
Zara,Top,Middle,Summer,428.55,1,4.53,62.85,111
Zara,Top,Middle,Winter,33.05,0,4.37,33.05,98
Zara,Shoes,Middle,Summer,11.3,0,4.39,11.3,94
Zara,Shoes,Back,Fall,404.4,0,4.32,61.98,103
Zara,Bag,Middle,Fall,18.63,0,4.41,18.63,94
Zara,Dress,Front,Spring,24.13,0,3.71,24.13,101
Zara,Outerwear,Front,Winter,32.81,1,3.97,32.81,107
Zara,Bottom,Back,Fall,639.63,0,4.38,68.29,127
Zara,Dress,Front,Summer,1891.6,1,4.51,74.72,69
Zara,Top,Front,Summer,29.27,1,4.08,29.27,78
Zara,Outerwear,Middle,Summer,593.52,0,3.92,66.48,102
Zara,Bag,Middle,Spring,141.43,0,4.45,55.81,100
Zara,Shoes,Front,Summer,47.83,1,4.38,47.83,104
Zara,Dress,Front,Fall,107.6,0,4.37,52.2,101
Zara,Bottom,Front,Spring,21.31,0,4.35,21.31,87
Zara,Top,Middle,Winter,49.93,1,3.71,49.93,120
Zara,Outerwear,Middle,Winter,46.66,1,4.02,46.66,100
Zara,Bag,Back,Winter,178.33,0,4.53,59.61,95
Zara,Shoes,Front,Summer,54.43,0,4.42,51.81,105
Zara,Dress,Middle,Winter,30.07,0,4.06,30.07,111
Zara,Bottom,Middle,Summer,116.31,0,4.15,53.77,96
Zara,Top,Middle,Spring,43.25,0,4.49,43.25,100
Zara,Bag,Middle,Winter,45.42,1,4.29,45.42,101
Zara,Outerwear,Front,Summer,36.32,0,4.03,36.32,115
Zara,Dress,Middle,Winter,27.76,0,4.74,27.76,102
Zara,Shoes,Back,Summer,130.17,0,4.36,54.39,76
Zara,Bottom,Front,Spring,44.86,1,4.33,44.86,104
Zara,Bag,Middle,Spring,48.56,0,4.59,48.56,114
Zara,Top,Back,Fall,19.26,0,4.47,19.26,85
Fast Fashion,Top,Middle,Spring,29.85,0,3.4,29.85,90
Fast Fashion,Bottom,Middle,Summer,41.92,1,2.16,41.92,93
Fast Fashion,Bag,Back,Fall,33.31,0,1.56,33.31,97
Fast Fashion,Dress,Middle,Winter,16.24,1,2.88,16.24,106
Fast Fashion,Outerwear,Middle,Winter,25.5,1,2.48,25.5,88
Fast Fashion,Shoes,Middle,Spring,60.99,0,2.96,60.99,78
Fast Fashion,Top,Back,Spring,55.74,1,2.23,55.74,83
Fast Fashion,Dress,Front,Summer,66.04,1,2.6,66.04,83
Fast Fashion,Bottom,Front,Spring,50.47,0,2.7,50.47,106
Fast Fashion,Outerwear,Front,Summer,49.78,0,1.71,49.78,116
Fast Fashion,Bag,Middle,Fall,62.15,0,3.19,62.15,107
Fast Fashion,Top,Back,Winter,43.37,1,3.02,43.37,98
Fast Fashion,Shoes,Front,Winter,56.18,1,2.48,56.18,115
Fast Fashion,Dress,Front,Fall,47.41,0,2.63,47.41,89
Fast Fashion,Bottom,Middle,Spring,76.05,1,2.47,76.05,113
Fast Fashion,Top,Middle,Summer,30.23,0,2.26,30.23,113
Fast Fashion,Dress,Front,Winter,47.84,1,2.21,47.84,105
Fast Fashion,Outerwear,Back,Spring,36.14,0,1.67,36.14,113
Fast Fashion,Shoes,Front,Fall,32.75,0,3.29,32.75,95
Fast Fashion,Bag,Front,Summer,39.62,0,3.09,39.62,92
Fast Fashion,Top,Front,Fall,51.58,1,1.08,51.58,96
Fast Fashion,Dress,Front,Fall,34.56,0,1.94,34.56,130
Fast Fashion,Bottom,Middle,Summer,19.16,1,1.68,19.16,102
Fast Fashion,Shoes,Front,Winter,54.73,1,2.34,54.73,100
Fast Fashion,Outerwear,Front,Summer,14.61,0,2.45,14.61,93
Fast Fashion,Bag,Front,Winter,42.7,0,3.2,42.7,94
Fast Fashion,Top,Middle,Winter,25.16,0,2.97,25.16,97
Fast Fashion,Bottom,Back,Summer,48.25,0,2.02,48.25,89
Fast Fashion,Dress,Front,Fall,41.15,1,1.86,41.15,95
Fast Fashion,Shoes,Front,Summer,23.62,1,2.34,23.62,101
Luxury Fashion,Bag,Middle,Spring,901.69,1,5,901.69,30
Luxury Fashion,Shoes,Middle,Spring,863.76,0,4.59,863.76,29
Luxury Fashion,Outerwear,Front,Spring,653.94,1,4.55,653.94,33
Luxury Fashion,Top,Front,Winter,1278.56,0,4.57,1278.56,32
Luxury Fashion,Dress,Middle,Spring,1410.35,1,4.27,1410.35,30
Luxury Fashion,Bottom,Front,Fall,1475.94,0,4.77,1475.94,29
Luxury Fashion,Shoes,Front,Spring,952.52,1,4.3,952.52,24
Luxury Fashion,Outerwear,Front,Fall,1827.7,1,4.88,1827.7,26
Luxury Fashion,Bag,Middle,Winter,1622.9,0,4.71,1622.9,19
Luxury Fashion,Top,Front,Summer,1794.3,1,5,1794.3,34
Luxury Fashion,Dress,Front,Fall,606.5,1,4.92,606.5,24
Luxury Fashion,Bottom,Back,Fall,2577.61,1,4.38,2577.61,25
Luxury Fashion,Shoes,Middle,Summer,1913.65,0,4.33,1913.65,27
Luxury Fashion,Outerwear,Front,Fall,1443.09,1,3.72,1443.09,31
Luxury Fashion,Bag,Front,Spring,2394.19,0,4.97,2394.19,32
Luxury Fashion,Top,Front,Fall,896.26,0,4.34,896.26,26
Luxury Fashion,Bottom,Back,Winter,760.87,1,4.54,760.87,34
Luxury Fashion,Shoes,Back,Spring,1137.41,0,4.84,1137.41,36
Luxury Fashion,Outerwear,Middle,Spring,1740.03,0,4.88,1740.03,49
Luxury Fashion,Bag,Front,Winter,1111.04,1,4.13,1111.04,35
Luxury Fashion,Dress,Back,Fall,1397.71,1,4.12,1397.71,25
Luxury Fashion,Top,Back,Summer,1300.23,1,4.74,1300.23,27
Luxury Fashion,Outerwear,Middle,Winter,1375.19,1,4.16,1375.19,29
Luxury Fashion,Bag,Back,Fall,521.53,0,4.59,521.53,22
Luxury Fashion,Shoes,Middle,Fall,408.21,0,4.67,408.21,39
Luxury Fashion,Top,Middle,Fall,1024.58,1,3.61,1024.58,28
Luxury Fashion,Dress,Middle,Winter,1790.06,1,4.96,1790.06,32
Luxury Fashion,Bottom,Front,Fall,1545.24,0,4.61,1545.24,29
Luxury Fashion,Outerwear,Front,Spring,1308.34,1,4.38,1308.34,39
Luxury Fashion,Bag,Middle,Winter,1405.28,1,4.41,1405.28,32
