﻿Brand,Currency,Description,Name,Product Category,Product ID,Product Position,Promotion,Promotion Numeric,Scraped At,Seasonal,Section,Sku,Terms,Url,Price,Sales Volume
Zara,USD,Puffer jacket made of tear-resistant ripstop fabric. High collar and adjustable long sleeves with adhesive straps. Welt pockets at hip. Adjustable hem with side elastics. Front zip closure.,BASIC PUFFER JACKET,Clothing,185102,Aisle,No,0,19-02-2024 08:50:06,No,MAN,272145190-250-2,jackets,https://www.zara.com/us/en/basic-puffer-jacket-p06985450.html,19.99,2823
Zara,USD,Straight fit blazer. Pointed lapel collar and long sleeves with buttoned cuffs. Welt pockets at hip and interior pocket. Central back vent at hem. Front button closure.,TUXEDO JACKET,Clothing,188771,Aisle,No,0,19-02-2024 08:50:07,No,MAN,324052738-800-46,jackets,https://www.zara.com/us/en/tuxedo-jacket-p08896675.html,169,654
Zara,USD,Slim fit jacket. Notched lapel collar. Long sleeves with buttoned cuffs. Welt pocket at chest and flap pockets at hip. Interior pocket. Back vents. Front button closure.,SLIM FIT SUIT JACKET,Clothing,180176,End-cap,Yes,1,19-02-2024 08:50:07,Yes,MAN,335342680-800-44,jackets,https://www.zara.com/us/en/slim-fit-suit-jacket-p01564520.html,129,1907
Zara,USD,Slim fit jacket made of viscose blend fabric. Notched lapel collar. Long sleeves with buttoned cuffs. Welt pocket at chest and flap pockets at hip. Interior pocket. Back vents. Front button closure.,STRETCH SUIT JACKET,Clothing,112917,Aisle,Yes,1,19-02-2024 08:50:08,Yes,MAN,328303236-420-44,jackets,https://www.zara.com/us/en/stretch-suit-jacket-p01564300.html,129,1347
Zara,USD,Jacket made of faux leather faux shearling with fleece interior. Tabbed lapel collar. Long sleeves. Zip pockets at hip. Front zip closure.,DOUBLE FACED JACKET,Clothing,192936,End-cap,No,0,19-02-2024 08:50:08,Yes,MAN,312368260-800-2,jackets,https://www.zara.com/us/en/double-faced-jacket-p08281477.html,139,2942
Zara,USD,Relaxed fit jacket. Contrasting lapel collar and long sleeves with buttoned cuffs. Front pouch pockets. Interior pocket. Washed effect. Front zip closure.,CONTRASTING COLLAR JACKET,Clothing,117590,End-cap,No,0,19-02-2024 08:50:09,No,MAN,320298385-807-2,jackets,https://www.zara.com/us/en/contrasting-collar-jacket-p06987331.html,79.9,2968
Zara,USD,Faux leather puffer jacket. High collar and long sleeves with ribbed interior cuffs. Welt pockets at hip. Interior pocket. Adjustable hem with side elastics. Front zip closure.,FAUX LEATHER PUFFER JACKET,Clothing,189118,Front of Store,Yes,1,19-02-2024 08:50:10,Yes,MAN,278112470-800-2,jackets,https://www.zara.com/us/en/faux-leather-puffer-jacket-p08281420.html,69.99,880
Zara,USD,Straight fit blazer made of linen. Notched lapel collar and long sleeves with buttoned cuffs. Welt pocket at chest and flap pockets at hip. Interior pocket. Back vents. Front button closure.,SUIT JACKET IN 100% LINEN,Clothing,182157,Aisle,No,0,19-02-2024 08:50:10,No,MAN,322972485-431-46,jackets,https://www.zara.com/us/en/suit-jacket-in-100-linen-p04307408.html,159,2421
Zara,USD,Jacket made of Italian wool. Pointed lapel collar and long sleeves with buttoned cuffs. Welt pocket at chest and flap pockets at hip. Interior pocket. Back vents. Front button closure.,100% WOOL SUIT JACKET,Clothing,141861,Aisle,Yes,1,19-02-2024 08:50:11,Yes,MAN,313854165-401-46,jackets,https://www.zara.com/us/en/100-wool-suit-jacket-p05955218.html,169,1646
Zara,USD,Puffer jacket made of shiny finish technical fabric. Fill is a blend of 80% down and 20% feathers. High collar with adjustable hood and long sleeves with elastic cuffs. Welt pockets at hip and interior pocket. Adjustable hem with side elastics. Front zip closure.,100% FEATHER FILL PUFFER JACKET,Clothing,137121,Aisle,No,0,19-02-2024 08:50:11,Yes,MAN,312372602-800-2,jackets,https://www.zara.com/us/en/100-feather-fill-puffer-jacket-p04302305.html,169,656
Zara,USD,Jacket made of wool blend fabric. Lapel collar and long sleeves. Welt pockets at hip. Front zip closure.,HERRINGBONE TEXTURED JACKET,Clothing,113143,Aisle,Yes,1,19-02-2024 08:50:12,Yes,MAN,316207900-710-2,jackets,https://www.zara.com/us/en/herringbone-textured-jacket-p08491401.html,129,2288
Zara,USD,Oversized cropped jacket. Notched lapel collar and long sleeves with buttoned cuffs. Flap pockets at waist ad interior pocket. Front button closure.,OVERSIZED CROPPED JACKET LIMITED EDITION,Clothing,140028,Aisle,Yes,1,19-02-2024 08:50:13,Yes,MAN,329186122-800-2,jackets,https://www.zara.com/us/en/oversized-cropped-jacket-limited-edition-p04304672.html,159,1082
Zara,USD,Jacket with lapel collar and snap button details. Long sleeves with zip cuffs. Front zip pockets and interior pocket. Asymmetric front closure with metal zipper.,LEATHER BIKER JACKET,Clothing,134693,Aisle,Yes,1,19-02-2024 08:50:13,No,MAN,311297791-800-2,jackets,https://www.zara.com/us/en/leather-biker-jacket-p05833412.html,169,1703
Zara,USD,Leather jacket. Cropped length. Lapel collar and long sleeves. Front hidden in-seam pockets. Front zip closure.,CROPPED LEATHER JACKET,Clothing,151396,Front of Store,Yes,1,19-02-2024 08:50:14,Yes,MAN,323134418-800-3,jackets,https://www.zara.com/us/en/cropped-leather-jacket-p02521104.html,439,626
Zara,USD,Boxy fit jacket. Lapel collar and long sleeves with buttoned cuffs. Welt pockets at hip. Front button closure.,FAUX LEATHER BOXY FIT JACKET,Clothing,132889,Aisle,Yes,1,19-02-2024 08:50:14,Yes,MAN,311297555-706-2,jackets,https://www.zara.com/us/en/faux-leather-boxy-fit-jacket-p08281654.html,99.9,2094
Zara,USD,Jacket made of faux leather fabric. Lapel collar with snap button details. Long sleeves with zip cuffs. Front zip pockets at chest and hip. Interior pocket. Asymmetric front closure with metal zipper.,FAUX LEATHER JACKET,Clothing,152174,End-cap,No,0,19-02-2024 08:50:15,No,MAN,317012940-800-2,jackets,https://www.zara.com/us/en/faux-leather-jacket-p03427320.html,99.9,2226
Zara,USD,Jacket made of faux suede fabric. Ribbed elastic high collar and long sleeve. Welt pockets at hip. Rib trim. Front zip closure.,FAUX SUEDE BOMBER JACKET,Clothing,129906,Aisle,No,0,19-02-2024 08:50:15,No,MAN,311292672-800-2,jackets,https://www.zara.com/us/en/faux-suede-bomber-jacket-p06318600.html,69.9,2089
Zara,USD,Jacket made of denim fabric with padded interior. Rib elastic collar and long sleeves. Welt pockets at hip and interior pocket. Elastic hem. All-over contrasting topstitching details. Front zip closure.,DENIM BOMBER JACKET,Clothing,195879,Front of Store,Yes,1,19-02-2024 08:50:16,Yes,MAN,321496837-400-3,jackets,https://www.zara.com/us/en/denim-bomber-jacket-p00621400.html,129,2010
Zara,USD,Cropped jacket made with wool blend fabric. High collar and long sleeves with elastic cuffs. Front patch pockets with flaps. Elastic hem. Front snap button closure.,BOUCLÉ TEXTURED JACKET,Clothing,155050,Aisle,No,0,19-02-2024 08:50:17,Yes,MAN,316205038-615-2,jackets,https://www.zara.com/us/en/boucle-textured-jacket-p08491402.html,129,2321
Zara,USD,Straight fit blazer made of linen. Notched lapel collar and long sleeves with buttoned cuffs. Flap pockets at hip. Interior pocket. Back vents. Front button closure.,SUIT JACKET IN 100% LINEN,Clothing,194410,End-cap,No,0,19-02-2024 08:50:17,No,MAN,322972473-052-46,jackets,https://www.zara.com/us/en/suit-jacket-in-100-linen-p04307443.html,159,669
Zara,USD,Lapel collar jacket with long sleeves with buttoned cuffs. Patch pockets with flaps at chest and side pockets at hip. Front hidden button closure.,JACQUARD DENIM JACKET,Clothing,141904,End-cap,Yes,1,19-02-2024 08:50:18,Yes,MAN,313845662-400-3,jackets,https://www.zara.com/us/en/jacquard-denim-jacket-p07627402.html,109,1471
Zara,USD,Cropped jacket with lightly quilted interior. Lapel collar and long sleeves. Flap patch pockets at hip. Washed effect. Rib hems. Front zip closure.,PADDED DENIM JACKET,Clothing,124981,Front of Store,No,0,19-02-2024 08:50:18,Yes,MAN,320264577-800-2,jackets,https://www.zara.com/us/en/padded-denim-jacket-p01538413.html,89.9,1832
Zara,USD,Relaxed fit jacket in leather. Spread collar and long sleeves with slit cuffs with button closure. Patch pockets at hip. Back vents. Front button closure.,LEATHER JACKET,Clothing,161909,Aisle,Yes,1,19-02-2024 08:50:19,No,MAN,315529534-705-3,jackets,https://www.zara.com/us/en/leather-jacket-p05479400.html,299,1034
Zara,USD,Lightweight jacket made of technical fabric. Round neck and long sleeves. Welt pockets at hip. Interior pocket. Rib trim. Front zip closure.,LIGHTWEIGHT BOMBER JACKET,Clothing,129152,End-cap,No,0,19-02-2024 08:50:19,No,MAN,320423517-800-2,jackets,https://www.zara.com/us/en/lightweight-bomber-jacket-p08281315.html,49.9,2356
Zara,USD,Straight fit jacket made of dense stretch fabric. Notched lapel collar and long sleeves with buttoned cuffs. Welt pocket at chest and flap pockets at hip. Interior pocket. Back vents. Front button closure.,SUIT JACKET,Clothing,183243,Front of Store,Yes,1,19-02-2024 08:50:20,No,MAN,328250627-251-46,jackets,https://www.zara.com/us/en/suit-jacket-p04303266.html,169,1222
Zara,USD,Jacket made of faux leather fabric. High collar and long sleeves. Welt pockets at hip and interior pocket. Rib trim. Front zip closure.,FAUX LEATHER BOMBER JACKET,Clothing,198248,Front of Store,Yes,1,19-02-2024 08:50:20,No,MAN,311309526-800-2,jackets,https://www.zara.com/us/en/faux-leather-bomber-jacket-p03918420.html,69.9,1418
Zara,USD,Varsity jacket made of faux suede fabric. Double welt pockets at hip and interior pocket. Front and back contrasting patch appliqués and embroidery. Rib trim. Front snap button closure.,PATCH BOMBER JACKET,Clothing,191230,End-cap,No,0,19-02-2024 08:50:21,No,MAN,311287528-811-2,jackets,https://www.zara.com/us/en/patch-bomber-jacket-p03918330.html,89.9,966
Zara,USD,Overshirt made of stretchy fabric. Lapel collar and long sleeves with snap buttoned cuffs. Chest patch pockets. Front snap button closure.,STRETCH POCKET OVERSHIRT,Clothing,187234,Front of Store,Yes,1,19-02-2024 08:50:22,Yes,MAN,342657802-914-2,jackets,https://www.zara.com/us/en/stretch-pocket-overshirt-p07484478.html,59.9,2380
Zara,USD,Jacket made of technical fabric with padded interior. Tonal elastic rib high collar. Long sleeves. Welt pockets at hip and interior pocket. Interior elastic finish. Front zip closure.,RIB COLLAR JACKET,Clothing,148888,Front of Store,No,0,19-02-2024 08:50:22,No,MAN,316207898-712-2,jackets,https://www.zara.com/us/en/rib-collar-jacket-p08281410.html,109,2774
Zara,USD,Oversized jacket. Notched lapel collar and long sleeves. Flap pockets at hip and interior pocket. Front button closure.,FAUX LEATHER OVERSIZED JACKET LIMITED EDITION,Clothing,110805,Front of Store,Yes,1,19-02-2024 08:50:23,No,MAN,321496761-800-2,jackets,https://www.zara.com/us/en/faux-leather-oversized-jacket-limited-edition-p07380310.html,159,1986
Zara,USD,Varsity jacket with elastic collar and long sleeves. Welt pockets at hip and interior pocket. Embroidered appliqué and contrast front and back patches. Rib trim. Front snap button closure.,CONTRASTING PATCHES BOMBER JACKET,Clothing,179801,Front of Store,No,0,19-02-2024 08:50:23,Yes,MAN,311307255-800-2,jackets,https://www.zara.com/us/en/contrasting-patches-bomber-jacket-p06318411.html,129,2608
Zara,USD,Varsity jacket with padded interior. Rib elastic collar and long sleeves in contrast faux leather. Double welt pockets at hip and interior pocket. Contrasting patch appliqués at front and back. Rib trim. Front snap button closure.,PATCH BOMBER JACKET,Clothing,134927,Aisle,Yes,1,19-02-2024 08:50:24,Yes,MAN,317129011-500-2,jackets,https://www.zara.com/us/en/patch-bomber-jacket-p03833404.html,129,1935
Zara,USD,Jacket with lightly padded interior. Rib collar and long sleeves. Flap pockets at waist. Rib trim. Front asymmetric zip closure.,CROPPED BOMBER JACKET LIMITED EDITION,Clothing,123150,End-cap,Yes,1,19-02-2024 08:50:24,No,MAN,330274270-800-2,jackets,https://www.zara.com/us/en/cropped-bomber-jacket-limited-edition-p08281600.html,129,1663
Zara,USD,Faux leather jacket with padded interior. Lapel collar and long sleeves with snap buttoned cuffs. Welt pockets at hip and interior pocket. Elastic hem. Front zip hidden by a snap button flap.,FAUX LEATHER PUFFER JACKET,Clothing,159145,End-cap,Yes,1,19-02-2024 08:50:25,No,MAN,311297855-800-2,jackets,https://www.zara.com/us/en/faux-leather-puffer-jacket-p03833302.html,109,2068
Zara,USD,Jacket made of faux leather fabric. Rib elastic collar and long sleeves. Zip pockets with flaps at hip. Interior pocket. Elastic hem. Front zip closure.,FAUX LEATHER BOMBER JACKET,Clothing,172364,Aisle,Yes,1,19-02-2024 08:50:26,No,MAN,317782474-800-2,jackets,https://www.zara.com/us/en/faux-leather-bomber-jacket-p08281667.html,109,2350
Zara,USD,Varsity jacket. High collar and long sleeves. Welt pockets at hip and interior pocket. Rib trim. Front snap button closure.,BOMBER JACKET,Clothing,178281,End-cap,No,0,19-02-2024 08:50:27,Yes,MAN,315758723-401-2,jackets,https://www.zara.com/us/en/bomber-jacket-p06318502.html,109,1145
Zara,USD,Lapel collar jacket with long sleeves with buttoned cuffs. Flap pockets at chest and welt pockets at hip. Front button closure.,FAUX SUEDE JACKET,Clothing,194339,End-cap,No,0,19-02-2024 08:50:28,No,MAN,311302863-800-2,jackets,https://www.zara.com/us/en/faux-suede-jacket-p08281652.html,89.9,1792
Zara,USD,Jacket made of faux suede fabric. Rib elastic collar and long sleeves. Welt pockets at hip. Rib trim. Front zip closure.,FAUX SUEDE BOMBER JACKET,Clothing,174412,Aisle,No,0,19-02-2024 08:50:29,Yes,MAN,311282759-806-2,jackets,https://www.zara.com/us/en/faux-suede-bomber-jacket-p08574500.html,69.9,1796
Zara,USD,Jacket made of suede. Cropped length. Lapel collar and long sleeves. Front hidden in-seam pockets. Front zip closure.,SUEDE JACKET,Clothing,114877,Aisle,No,0,19-02-2024 08:50:29,No,MAN,323134415-700-3,jackets,https://www.zara.com/us/en/suede-jacket-p02521102.html,349,1860
Zara,USD,Jacket with lightly padded interior. Contrasting lapel collar. Long sleeves with buttoned cuffs. Washed effect. Double welt pockets at chest and hip. Front zip closure.,CONTRASTING COLLAR JACKET,Clothing,140727,End-cap,Yes,1,19-02-2024 08:50:31,Yes,MAN,312372582-526-2,jackets,https://www.zara.com/us/en/contrasting-collar-jacket-p01538369.html,79.9,926
Zara,USD,Jacket made of textured fabric. Lapel collar and long sleeves with buttoned cuffs. Patch pockets at chest and hidden pockets at hip. Side vents at hem. Front button closure.,TEXTURED JACKET,Clothing,133109,Front of Store,No,0,19-02-2024 08:50:31,Yes,MAN,321143726-712-2,jackets,https://www.zara.com/us/en/textured-jacket-p04302457.html,79.9,2063
Zara,USD,Jacket made of dense cotton fabric cut on the bias. Lapel collar and long sleeves with buttoned cuffs. Welt pockets at hip and interior pocket. Cropped length. Front zip closure.,CROPPED TEXTURED JACKET,Clothing,127296,Aisle,No,0,19-02-2024 08:50:32,No,MAN,320220949-507-2,jackets,https://www.zara.com/us/en/cropped-textured-jacket-p01538410.html,89.9,1165
Zara,USD,Quilted jacket made of technical fabric. High collar and long sleeves. Flap pocket at chest and hidden in-seam pockets at side hip. Interior pocket. Interior elastic hem. Cropped length. Front zip closure.,POCKET PUFFER JACKET,Clothing,133757,Aisle,Yes,1,19-02-2024 08:50:33,No,MAN,312664937-514-2,jackets,https://www.zara.com/us/en/pocket-puffer-jacket-p08281439.html,129,1660
Zara,USD,Jacket made of technical fabric with quilted interior. Lapel collar and long sleeves. Flap patch pockets at hip. Rib trim. Front button closure.,TECHNICAL JACKET WITH POCKETS,Clothing,111760,End-cap,No,0,19-02-2024 08:50:33,No,MAN,321143723-401-2,jackets,https://www.zara.com/us/en/technical-jacket-with-pockets-p03286501.html,109,1474
Zara,USD,Jacket made of faux leather fabric. Lapel collar and long sleeves with snap buttoned cuffs. Welt pockets at hip. Front snap button closure.,FAUX LEATHER JACKET,Clothing,198375,End-cap,No,0,19-02-2024 08:50:34,No,MAN,311297763-800-2,jackets,https://www.zara.com/us/en/faux-leather-jacket-p08281345.html,69.9,2202
Zara,USD,Lapel collar jacket with long sleeves with buttoned cuffs. Flap pockets at chest and welt pockets at hip. Front button closure.,FAUX SUEDE JACKET,Clothing,168837,Aisle,No,0,19-02-2024 08:50:34,No,MAN,311292194-731-2,jackets,https://www.zara.com/us/en/faux-suede-jacket-p03548689.html,89.9,665
Zara,USD,Denim jacket with lapel collar and long sleeves with buttoned cuffs. Flap pockets at chest and welt pockets at hip. All over washed effect and rips. Front button closure.,RIPPED DENIM JACKET,Clothing,138505,Front of Store,No,0,19-02-2024 08:50:35,No,MAN,335663355-406-2,jackets,https://www.zara.com/us/en/ripped-denim-jacket-p01538470.html,69.9,2478
Zara,USD,Jacket with lightly padded interior. Lapel collar and long sleeves with buttoned cuffs. Flap pockets at chest and welt pockets at hip. Front button closure.,TEXTURED POCKET JACKET,Clothing,116228,End-cap,Yes,1,19-02-2024 08:50:36,No,MAN,312363708-800-2,jackets,https://www.zara.com/us/en/textured-pocket-jacket-p03918500.html,89.9,558
Zara,USD,Varsity jacket made of faux suede fabric. Lapel collar and long sleeves. Double welt pockets at hip and interior pocket. Front contrasting patch appliqués and embroidery. Rib trim. Front snap button closure.,FAUX SUEDE PATCH JACKET,Clothing,167592,Front of Store,Yes,1,19-02-2024 08:50:36,No,MAN,312320664-251-2,jackets,https://www.zara.com/us/en/faux-suede-patch-jacket-p08281357.html,89.9,609
Zara,USD,Jacket made of technical fabric with padded interior. High collar with front zip closure and long sleeves with elastic strap cuffs. Front and back contrast embroidered text. Zip pockets at hip. Adjustable elastic strap at hem with side zippers and strap.,PUFFER JACKET WITH POUCH POCKET,Clothing,133100,End-cap,Yes,1,19-02-2024 08:50:37,No,MAN,311302445-445-97,jackets,https://www.zara.com/us/en/puffer-jacket-with-pouch-pocket-p00155401.html,89.9,2354
Zara,USD,Boxy bomber jacket. Rib elastic collar and long sleeves. Welt pockets at hip. Elasticized trim. Front zip closure.,BOMBER JACKET,Clothing,119955,Front of Store,No,0,19-02-2024 08:50:38,No,MAN,323216370-422-97,jackets,https://www.zara.com/us/en/bomber-jacket-p05039440.html,89.9,1590
Zara,USD,Relaxed fit overshirt. Lapel collar and long sleeves with buttoned cuffs. Side hidden in-seam pockets. Front button closure.,TEXTURED WEAVE OVERSHIRT,Clothing,189349,End-cap,Yes,1,19-02-2024 08:50:39,No,MAN,317107014-707-2,jackets,https://www.zara.com/us/en/textured-weave-overshirt-p01608101.html,89.9,1074
Zara,USD,Straight fit blazer. Notched lapel collar and long sleeves with buttoned cuffs. Flap pockets at hip. Interior pocket. Central back vent at hem. Front button closure.,STRAIGHT SUIT JACKET,Clothing,127478,Front of Store,No,0,19-02-2024 08:50:39,Yes,MAN,328594167-800-46,jackets,https://www.zara.com/us/en/straight-suit-jacket-p04143291.html,129,2498
Zara,USD,Puffer jacket with high collar and adjustable hood. Long sleeves with interior rib cuffs. Welt pockets at hip and interior pocket. Adjustable hem with side elastics. Front zip hidden by a snap button flap.,HOODED QUILTED JACKET,Clothing,180661,Front of Store,No,0,19-02-2024 08:50:40,Yes,MAN,311309598-711-2,jackets,https://www.zara.com/us/en/hooded-quilted-jacket-p00029501.html,129,1041
Zara,USD,Padded jacket made of technical fabric. High collar and long sleeves. Welt pockets at hip. Elasticized trim. Front zip closure.,LIGHTWEIGHT PUFFER JACKET,Clothing,186681,End-cap,No,0,19-02-2024 08:50:40,Yes,MAN,267133943-711-2,jackets,https://www.zara.com/us/en/lightweight-puffer-jacket-p04302520.html,19.99,1717
Zara,USD,Jacket made of cotton blend fabric. High collar and long sleeves. Welt pockets at hip. Rib trim. Cropped length. Front zip closure.,COTTON BLEND BOMBER JACKET,Clothing,133183,Front of Store,Yes,1,19-02-2024 08:50:41,Yes,MAN,318265017-401-2,jackets,https://www.zara.com/us/en/cotton-blend-bomber-jacket-p06518350.html,89.9,2643
Zara,USD,Jacket made of dense technical fabric. Lapel collar and long sleeves with buttoned cuffs. Multi-functional front pockets. Front zip hidden by a snap button flap.,POCKET JACKET,Clothing,173508,Aisle,Yes,1,19-02-2024 08:50:41,No,MAN,322410604-401-2,jackets,https://www.zara.com/us/en/pocket-jacket-p06318507.html,129,1329
Zara,USD,Oversized jacket made of technical fabric. High collar and long sleeves with pocket detail. Welt pockets at hip and interior pocket. Rib trim. Adjustable asymmetric hem with side zippers. Front zip closure.,OVERSIZED BOMBER JACKET,Clothing,187930,End-cap,No,0,19-02-2024 08:50:42,Yes,MAN,324149982-982-2,jackets,https://www.zara.com/us/en/oversized-bomber-jacket-p08281311.html,89.9,706
Zara,USD,Roomy jacket made of lightweight fabric. Lapel collar and long sleeves with elastic cuffs. Contrasting patch appliqués with embroidery at front and back. Front pouch pocket. Elastic hem. Front zip closure.,EMBROIDERED PATCH JACKET,Clothing,124088,End-cap,Yes,1,19-02-2024 08:50:43,Yes,MAN,320531693-707-2,jackets,https://www.zara.com/us/en/embroidered-patch-jacket-p05320345.html,79.9,1909
Zara,USD,Jacket made of cotton denim. Lapel collar and long sleeves with buttoned cuffs. Patch pockets at chest and side pockets at hip. Washed effect. Front zip closure.,ACID WASH DENIM JACKET,Clothing,190238,Front of Store,No,0,19-02-2024 08:50:43,Yes,MAN,328279967-409-3,jackets,https://www.zara.com/us/en/acid-wash-denim-jacket-p06688401.html,89.9,1917
Zara,USD,,VINTAGE EFFECT LEATHER BOMBER JACKET,Clothing,151925,End-cap,Yes,1,19-02-2024 08:50:44,Yes,MAN,320774184-800-97,jackets,https://www.zara.com/us/en/vintage-effect-leather-bomber-jacket-p02521300.html,299,1872
Zara,USD,Lapel collar jacket with long sleeves with buttoned cuffs. Flap pockets at chest and welt pockets at hip. All over washed and uneven textured effect. Front button closure.,TEXTURED DENIM JACKET LIMITED EDITION,Clothing,163234,Front of Store,No,0,19-02-2024 08:50:44,No,MAN,322972491-800-2,jackets,https://www.zara.com/us/en/textured-denim-jacket-limited-edition-p01538430.html,89.9,1633
Zara,USD,Jacket made of wool blend fabric. Lapel collar and long sleeves. Welt pockets at hip and interior pocket. Rib trim. Front zip closure.,WOOL BLEND JACKET,Clothing,135610,Aisle,Yes,1,19-02-2024 08:50:45,Yes,MAN,321501682-800-2,jackets,https://www.zara.com/us/en/wool-blend-jacket-p09621448.html,109,1300
Zara,USD,Jacket made of cotton and linen blend fabric. Lapel collar and long sleeves with buttoned cuffs. Patch pocket at chest and side pockets at hip. Elastic hem. Front zip closure.,COTTON - LINEN BLEND JACKET,Clothing,117065,Aisle,Yes,1,19-02-2024 08:50:46,Yes,MAN,328616906-712-2,jackets,https://www.zara.com/us/en/cotton---linen-blend-jacket-p00706103.html,109,651
Zara,USD,Jacket made of faux shearling fabric. Rib elastic collar and long sleeves. Welt pockets at hip and interior pocket. Rib trim. Front zip closure.,FLEECE BOMBER JACKET,Clothing,149315,End-cap,Yes,1,19-02-2024 08:50:46,No,MAN,311292541-802-2,jackets,https://www.zara.com/us/en/fleece-bomber-jacket-p08281405.html,109,575
Zara,USD,Lapel collar jacket with long sleeves. Front pouch pockets. Front zip closure.,ZIPPERED JACKET,Clothing,149510,Aisle,No,0,19-02-2024 08:50:47,Yes,MAN,319205114-807-2,jackets,https://www.zara.com/us/en/zippered-jacket-p04087418.html,59.9,1412
Zara,USD,Lapel collar jacket with long sleeves with elastic cuffs. Patch pockets at hip. Elastic hem. Front snap button closure.,COTTON JACKET,Clothing,137990,Aisle,No,0,19-02-2024 08:50:50,No,MAN,276213846-500-2,jackets,https://www.zara.com/us/en/cotton-jacket-p00706301.html,29.99,2929
Zara,USD,Jacket made of wool blend fabric. Pointed lapel collar and long sleeves with buttoned cuffs. Welt pockets at chest and flap pockets at hip. Interior pocket. Back vents. Front double breasted button closure.,WOOL BLEND TEXTURED JACKET,Clothing,154016,End-cap,Yes,1,19-02-2024 08:50:49,Yes,MAN,328244979-064-48,jackets,https://www.zara.com/us/en/wool-blend-textured-jacket-p04296310.html,189,2033
Zara,USD,Full cut jacket with lapel collar and long sleeves. Front button closure.,CONTRAST JACQUARD JACKET,Clothing,117751,Aisle,No,0,19-02-2024 08:50:51,No,MAN,323050745-798-97,jackets,https://www.zara.com/us/en/contrast-jacquard-jacket-p04087423.html,89.9,2749
Zara,USD,Cropped overshirt made of contrast double faced fabric. Lapel collar and long sleeves with buttoned cuffs. Chest patch pocket. Adjustable hem with side elastics. Front button closure partially hidden by a flap.,CROPPED OVERSHIRT,Clothing,182362,Front of Store,No,0,19-02-2024 08:50:52,No,MAN,319166635-401-2,jackets,https://www.zara.com/us/en/cropped-overshirt-p04432403.html,69.9,2019
Zara,USD,Varsity jacket with stretchy collar and contrasting hood. Long sleeves. Welt pockets at hip and interior pocket. Embroidered appliqué and contrast front and back patches. Rib trim. Front snap button closure.,CONTRASTING PATCHES HOODED JACKET,Clothing,117725,Aisle,No,0,19-02-2024 08:50:52,Yes,MAN,311297489-800-2,jackets,https://www.zara.com/us/en/contrasting-patches-hooded-jacket-p03833400.html,109,1506
Zara,USD,Cropped jacket. Lapel collar and long sleeves. Front utility pockets with zip closure. Washed effect. Elastic hem. Adjustable hem with side elastics. Front zip closure.,UTILITY POCKET JACKET,Clothing,145289,End-cap,No,0,19-02-2024 08:50:53,No,MAN,311292073-709-2,jackets,https://www.zara.com/us/en/utility-pocket-jacket-p05520451.html,109,1012
Zara,USD,,,Clothing,173576,End-cap,Yes,1,19-02-2024 08:50:54,No,MAN,336378923-700-2,jackets,https://www.zara.com/us/en/-p04310461.html,129,1473
Zara,USD,Lightweight jacket made of technical fabric. Round neck and long sleeves. Welt pockets at hip. Interior pocket. Rib trim. Front zip closure.,LIGHTWEIGHT BOMBER JACKET,Clothing,175059,Aisle,Yes,1,19-02-2024 08:50:55,No,MAN,311292572-401-2,jackets,https://www.zara.com/us/en/lightweight-bomber-jacket-p04302404.html,49.9,1872
Zara,USD,Lapel collar jacket with long sleeves with buttoned cuffs. Chest patch pockets and welt pockets at hip. Front button closure.,WOOL BLEND JACKET,Clothing,199368,Front of Store,No,0,19-02-2024 08:50:55,Yes,MAN,336821611-706-2,jackets,https://www.zara.com/us/en/wool-blend-jacket-p05854654.html,139,1061
Zara,USD,Jacket made of technical fabric with padded interior. High collar with foldable interior hood. Long sleeves with interior rib cuffs. Front pockets with hidden zip closure and interior pocket detail. Adjustable hem with side elastics. Front zip hidden by a snap button flap.,TECHNICAL PADDED JACKET,Clothing,162883,Front of Store,Yes,1,19-02-2024 08:50:56,No,MAN,311307584-518-2,jackets,https://www.zara.com/us/en/technical-padded-jacket-p06518501.html,139,630
Zara,USD,Jacket made of waxed finish fabric with lightly padded interior. Contrast fabric lapel collar. Long sleeves. Patch pockets at hip. Interior pocket. Slightly cropped length. Front hidden zip and button closure.,MIXED COLLAR WAXED JACKET,Clothing,135490,Front of Store,No,0,19-02-2024 08:50:56,No,MAN,321151893-609-2,jackets,https://www.zara.com/us/en/mixed-collar-waxed-jacket-p06861405.html,139,1094
Zara,USD,Varsity jacket with elastic collar and long sleeves. Welt pockets at hip and interior pocket. Embroidered appliqué and contrast front and back patches. Rib trim. Front snap button closure.,CONTRASTING PATCHES BOMBER JACKET,Clothing,125408,End-cap,Yes,1,19-02-2024 08:50:57,Yes,MAN,311297509-800-2,jackets,https://www.zara.com/us/en/contrasting-patches-bomber-jacket-p03833401.html,89.9,2052
Zara,USD,Quilted jacket made of technical fabric. Lapel collar and long sleeves. Welt pockets at hip. Rib trim. Front zip closure.,PADDED BOMBER JACKET,Clothing,134763,Front of Store,No,0,19-02-2024 08:50:58,Yes,MAN,315947178-800-2,jackets,https://www.zara.com/us/en/padded-bomber-jacket-p03918620.html,89.9,2048
Zara,USD,Jacket made of technical fabric with padded interior. Lapel collar and long sleeves with elastic cuffs. Welt pockets at hip and interior pocket. Adjustable drawstring hem. Front snap button closure.,TECHNICAL PADDED JACKET,Clothing,143231,Aisle,No,0,19-02-2024 08:50:58,No,MAN,311297745-800-2,jackets,https://www.zara.com/us/en/technical-padded-jacket-p03833311.html,89.9,2578
Zara,USD,Slightly cropped denim jacket. Lapel collar and long sleeves with buttoned cuffs. Flap patch pocket at chest and side hip. Washed effect. Front button closure.,POCKET DENIM JACKET,Clothing,125409,End-cap,Yes,1,19-02-2024 08:50:59,No,MAN,330290360-427-3,jackets,https://www.zara.com/us/en/pocket-denim-jacket-p00840482.html,89.9,1759
Zara,USD,Boxy fit jacket. Lapel collar and long sleeves with buttoned cuffs. Patch pockets at hip. Washed effect.Asymmetric hem with side vents. Front button closure.,BOXY FIT DENIM JACKET,Clothing,183074,Aisle,No,0,19-02-2024 08:50:59,No,MAN,320449897-427-2,jackets,https://www.zara.com/us/en/boxy-fit-denim-jacket-p00840402.html,89.9,2791
Zara,USD,Jacket made of faux shearling fabric. V-neckline and long sleeves with elastic cuffs. Lined interior with structured mesh fabric. Welt pockets at hip. Adjustable hem with side elastics. Front snap button closure.,FAUX SHEARLING PLAID JACKET,Clothing,147947,Aisle,Yes,1,19-02-2024 08:51:00,Yes,MAN,311297724-700-97,jackets,https://www.zara.com/us/en/faux-shearling-plaid-jacket-p00993305.html,89.9,1154
Zara,USD,Jacket with lightly padded interior. Corduroy lapel collar. Long sleeves. Patch pockets at hip. Front button closure.,EMBROIDERED FOREST JACKET,Clothing,174171,Front of Store,Yes,1,19-02-2024 08:51:00,Yes,MAN,328332050-700-97,jackets,https://www.zara.com/us/en/embroidered-forest-jacket-p02795407.html,89.9,2101
Zara,USD,Cropped overshirt. Lapel collar and long sleeves with buttoned cuffs. Front patch pockets. Irregular finished seams. Front button closure.,POCKET OVERSHIRT,Clothing,183064,Front of Store,Yes,1,19-02-2024 08:51:00,No,MAN,311282469-505-2,jackets,https://www.zara.com/us/en/pocket-overshirt-p05070605.html,89.9,1529
Zara,USD,Vest made of viscose and wool blend fabric. V-neckline. Patch pockets at hip. Front zip closure.,BOUCLE TEXTURED VEST,Clothing,177131,Aisle,Yes,1,19-02-2024 08:51:01,Yes,MAN,319502128-515-2,jackets,https://www.zara.com/us/en/boucle-textured-vest-p01437303.html,69.9,1602
Zara,USD,Jacket made of technical fabric with padded interior. High collar and long sleeves with elastic cuffs. Front pockets with hidden zip closure. Elastic hem. Front zip closure.,COLOR BLOCK PUFFER JACKET,Clothing,128179,End-cap,Yes,1,19-02-2024 08:51:03,No,MAN,311287226-472-2,jackets,https://www.zara.com/us/en/color-block-puffer-jacket-p08281365.html,89.9,1777
Zara,USD,Parka made of technical fabric with padded interior. High collar with removable hood. Long sleeves with interior elastic cuffs. Welt pockets at chest and flap pockets at hip. Interior pocket. Adjustable interior waistband with drawstring. Adjustable hem with side elastics. Front zip hidden by a snap button flap.,LONGLINE QUILTED JACKET,Clothing,152723,Aisle,No,0,19-02-2024 08:51:04,Yes,MAN,316683359-818-2,jackets,https://www.zara.com/us/en/longline-quilted-jacket-p05071688.html,169,2849
Zara,USD,Straight fit jacket made of wool blend fabric. Notched lapel collar and long sleeves with buttoned cuffs. Welt pockets at chest and flap pockets at hip. Interior pocket. Central vent at back hem. Front button closure.,WOOL BLEND SUIT JACKET,Clothing,123824,Aisle,Yes,1,19-02-2024 08:51:04,No,MAN,322901350-800-46,jackets,https://www.zara.com/us/en/wool-blend-suit-jacket-p04156504.html,169,1825
Zara,USD,Cotton knit jacket. Hooded collar and long sleeves. Rib trim. Front pouch pockets. Rib trim. Front zip closure.,HOODED KNIT CARDIGAN,Clothing,166345,Aisle,No,0,19-02-2024 08:51:05,Yes,MAN,322929313-802-97,jackets,https://www.zara.com/us/en/hooded-knit-cardigan-p02621407.html,69.9,1135
Zara,USD,Jacket made of technical fabric with brushed interior. High collar with adjustable hood. Long sleeves with cuffs and adhesive straps. Zip pockets at chest and hip. Front zip closure.,HOODED TECHNICAL JACKET,Clothing,199279,Aisle,No,0,19-02-2024 08:51:05,No,MAN,267186163-643-2,jackets,https://www.zara.com/us/en/hooded-technical-jacket-p01538301.html,19.99,1770
Zara,USD,Straight fit blazer. Notched lapel collar and long sleeves with buttoned cuffs. Welt pocket at chest and flap pockets at hip. Interior pocket. Back vents. Front button closure.,HOUNDSTOOTH SUIT JACKET,Clothing,167981,End-cap,No,0,19-02-2024 08:51:06,No,MAN,329706743-401-46,jackets,https://www.zara.com/us/en/houndstooth-suit-jacket-p04285498.html,139,730
Zara,USD,Jacket with padded interior. Rib elastic collar and long sleeves. Flap pockets at hip and interior pocket. Rib trim. Front zip closure.,BOMBER JACKET,Clothing,146839,Aisle,No,0,19-02-2024 08:51:06,No,MAN,321496813-710-2,jackets,https://www.zara.com/us/en/bomber-jacket-p05344402.html,109,1525
Zara,USD,Cropped jacket made of technical fabric. Hooded high collar and long sleeves with adjustable snap button cuffs. Front patch pockets with flaps at hips. Adjustable hem with side elastics. Front zip hidden by a snap button flap.,HOODED TECHNICAL JACKET,Clothing,187180,Front of Store,No,0,19-02-2024 08:51:07,Yes,MAN,312596416-800-2,jackets,https://www.zara.com/us/en/hooded-technical-jacket-p00155502.html,109,647
Zara,USD,Jacket made of technical fabric. High collar with adjustable drawstring hood. Long sleeves with rib cuffs. Chest welt pocket and hip patch pockets. Interior pocket. Adjustable hem with elastics at sides. Front zip hidden by a snap button flap.,HOODED TECHNICAL JACKET,Clothing,167640,End-cap,Yes,1,19-02-2024 08:51:07,Yes,MAN,311287132-251-2,jackets,https://www.zara.com/us/en/hooded-technical-jacket-p08281355.html,109,874
Zara,USD,Jacket made of technical fabric. Lapel collar and long sleeves with pocket detail. Welt pockets at hip and interior pocket. Washed effect. Elasticized trim. Front zip hidden by a snap button flap.,WASHED EFFECT BOMBER JACKET,Clothing,165158,Front of Store,No,0,19-02-2024 08:51:08,No,MAN,323675323-700-2,jackets,https://www.zara.com/us/en/washed-effect-bomber-jacket-p08281307.html,109,1622
Zara,USD,Jacket made of technical fabric. High collar and long sleeves with adjustable cuffs with snap button straps. Flap patch pockets at hip. Adjustable drawstring hem. Washed effect. Front zip hidden by a snap button flap.,WASHED TECHNICAL JACKET,Clothing,111521,Front of Store,Yes,1,19-02-2024 08:51:08,Yes,MAN,323672371-507-2,jackets,https://www.zara.com/us/en/washed-technical-jacket-p04695300.html,99.9,2360
Zara,USD,Puffer vest made of technical fabric. Fill is a blend of 60% down and 40% feather. Sleeveless design with high collar. Zip pockets at hip and interior pocket. Adjustable hem with side elastics. Front snap button closure.,100% FEATHER FILL PUFFER JACKET,Clothing,120228,End-cap,No,0,19-02-2024 08:51:09,No,MAN,327116625-505-2,jackets,https://www.zara.com/us/en/100-feather-fill-puffer-jacket-p00155480.html,89.9,2347
Zara,USD,Jacket made of technical fabric with lightly padded interior. Rib elastic collar and long sleeves. Zip pockets at hip. Elastic hem. Front zip closure.,PADDED BOMBER JACKET,Clothing,133078,Aisle,No,0,19-02-2024 08:51:10,Yes,MAN,311302424-409-2,jackets,https://www.zara.com/us/en/padded-bomber-jacket-p03918400.html,69.9,2535
Zara,USD,Regular fit jacket with lapel collar and long sleeves. Patch pockets at chest and hip. Front button closure.,POCKET JACKET,Clothing,137598,Aisle,No,0,19-02-2024 08:51:16,Yes,MAN,329158644-605-2,jackets,https://www.zara.com/us/en/pocket-jacket-p04297266.html,139,2839
Zara,USD,Slim fit jacket made of viscose blend fabric. Notched lapel collar. Long sleeves with buttoned cuffs. Welt pocket at chest and flap pockets at hip. Interior pocket. Back vents. Front button closure.,SLIM FIT SUIT JACKET,Clothing,138779,Front of Store,Yes,1,19-02-2024 08:51:17,Yes,MAN,329300083-705-48,jackets,https://www.zara.com/us/en/slim-fit-suit-jacket-p04239493.html,139,2407
Zara,USD,Jacket made of technical fabric with lightly padded interior. Rib high collar. Long sleeves with elastic cuffs. Patch pockets at hip. Front zip closure.,MIXED COLLAR JACKET,Clothing,198329,Front of Store,Yes,1,19-02-2024 08:51:17,Yes,MAN,323212374-510-2,jackets,https://www.zara.com/us/en/mixed-collar-jacket-p03046507.html,109,539
Zara,USD,Boxy fit jacket. High collar with adjustable hood and long sleeves with buttoned cuffs. Patch pockets with flaps at chest. Front straps with multi-functional ring. Washed effect. Front hidden zip and snap button closure.,HOODED DENIM JACKET,Clothing,110295,End-cap,Yes,1,19-02-2024 08:51:17,No,MAN,322547863-811-2,jackets,https://www.zara.com/us/en/hooded-denim-jacket-p01538428.html,129,1161
Zara,USD,Cropped jacket made of cotton with waxed finish. Lapel collar and long adjustable cuffed sleeves. Welt pockets at hip and interior pocket. Adjustable front drawcord hem. Front zip closure.,WAXED EFFECT PLAID JACKET,Clothing,196427,Aisle,Yes,1,19-02-2024 08:51:18,No,MAN,320600266-745-2,jackets,https://www.zara.com/us/en/waxed-effect-plaid-jacket-p04272302.html,169,1123
Zara,USD,Cropped jacket made with wool blend fabric. Lapel collar and long sleeves. Welt pockets at hip. Front hidden button closure.,WOOL BLEND FELT TEXTURE JACKET,Clothing,110075,Front of Store,Yes,1,19-02-2024 08:51:18,Yes,MAN,320771732-800-2,jackets,https://www.zara.com/us/en/wool-blend-felt-texture-jacket-p04160752.html,159,1877
Zara,USD,Boxy fit overshirt. Lapel collar and short sleeves. Front snap button closure.,PRINTED DENIM OVERSHIRT,Clothing,132322,Front of Store,Yes,1,19-02-2024 08:51:31,No,MAN,289179723-020-2,jackets,https://www.zara.com/us/en/printed-denim-overshirt-p02553808.html,12.99,1841
Zara,USD,Regular fit overshirt made of 22% wool fabric. Lapel collar and long sleeves with buttoned cuffs. Patch pocket at chest and side pockets at hip. Side vents at hem. Front button closure.,STRUCTURED TWILL OVERSHIRT,Clothing,199631,Front of Store,Yes,1,19-02-2024 08:51:32,No,MAN,327747299-800-2,jackets,https://www.zara.com/us/en/structured-twill-overshirt-p06861430.html,89.9,1094
Zara,USD,Relaxed fit overshirt made with cotton fabric. Lapel collar and long sleeves with buttoned cuffs. Flap patch pockets at chest and side hip pockets. Front button closure.,COTTON OVERSHIRT,Clothing,182306,Front of Store,No,0,19-02-2024 08:51:32,No,MAN,317782501-701-2,jackets,https://www.zara.com/us/en/cotton-overshirt-p09621103.html,89.9,2805
Zara,USD,Relaxed fit reversible overshirt. Italian collar and long sleeves with buttoned cuffs. Chest patch pocket. Front button closure.,REVERSIBLE PLAID OVERSHIRT,Clothing,194915,Aisle,Yes,1,19-02-2024 08:51:33,No,MAN,311282298-099-2,jackets,https://www.zara.com/us/en/reversible-plaid-overshirt-p09621301.html,79.9,1549
Zara,USD,Relaxed fit overshirt made with cotton fabric. Lapel collar and long sleeves with buttoned cuffs. Patch pockets at hip. Washed effect. Front button closure.,PLAID OVERSHIRT,Clothing,131298,End-cap,Yes,1,19-02-2024 08:51:33,No,MAN,322612356-505-2,jackets,https://www.zara.com/us/en/plaid-overshirt-p01300100.html,69.9,1840
Zara,USD,Relaxed fit overshirt. Lapel collar and long sleeves with adjustable button cuffs. Welt pockets at hip. Front zip hidden by a snap button flap.,POCKET OVERSHIRT,Clothing,168571,Aisle,No,0,19-02-2024 08:51:34,No,MAN,311282631-712-2,jackets,https://www.zara.com/us/en/pocket-overshirt-p00706621.html,89.9,1778
Zara,USD,Relaxed fit overshirt made of linen fabric. Lapel collar and long sleeves with buttoned cuffs. Chest patch pockets. Front button closure.,100% LINEN OVERSHIRT,Clothing,154224,End-cap,Yes,1,19-02-2024 08:51:34,No,MAN,329282612-401-2,jackets,https://www.zara.com/us/en/100-linen-overshirt-p04224708.html,89.9,2134
Zara,USD,Relaxed fit overshirt made of viscose blend fabric. Lapel collar and long sleeves with buttoned cuffs. Chest patch pocket. Front button closure.,PLAID OVERSHIRT,Clothing,171061,Aisle,No,0,19-02-2024 08:51:34,Yes,MAN,320026789-714-2,jackets,https://www.zara.com/us/en/plaid-overshirt-p08281303.html,59.9,2032
Zara,USD,Boxy fit overshirt. Lapel collar and long sleeves with buttoned cuffs. Chest patch pockets. Washed effect. Front button closure.,POCKET DENIM OVERSHIRT,Clothing,119049,Aisle,No,0,19-02-2024 08:51:35,Yes,MAN,323216360-406-2,jackets,https://www.zara.com/us/en/pocket-denim-overshirt-p01472403.html,89.9,1659
Zara,USD,Relaxed fit overshirt. Lapel collar and long sleeves. Chest patch pocket. Front snap button closure.,FAUX SUEDE OVERSHIRT,Clothing,158781,End-cap,Yes,1,19-02-2024 08:51:36,Yes,MAN,318209963-800-2,jackets,https://www.zara.com/us/en/faux-suede-overshirt-p03715303.html,69.9,2258
Zara,USD,Regular fit overshirt. Lapel collar and long sleeves with buttoned cuffs. Front zip closure.,PLAID OVERSHIRT,Clothing,151438,Aisle,No,0,19-02-2024 08:51:36,Yes,MAN,316727555-700-2,jackets,https://www.zara.com/us/en/plaid-overshirt-p00794432.html,69.9,1137
Zara,USD,Overshirt made of diagonal textured cotton fabric. Lapel collar and long sleeves with buttoned cuffs. Patch pockets at hip. Front button closure.,TEXTURED POCKET OVERSHIRT,Clothing,152871,End-cap,No,0,19-02-2024 08:51:37,Yes,MAN,312571093-710-2,jackets,https://www.zara.com/us/en/textured-pocket-overshirt-p01934436.html,69.9,1847
Zara,USD,Relaxed fit overshirt made of 25% wool fabric. Lapel collar and long sleeves with buttoned cuffs. Patch pocket at chest and side pockets at hip. Front button closure.,POCKET OVERSHIRT,Clothing,126806,End-cap,Yes,1,19-02-2024 08:51:37,Yes,MAN,330290387-401-2,jackets,https://www.zara.com/us/en/pocket-overshirt-p04466468.html,109,2066
Zara,USD,Relaxed fit overshirt made of stretch fabric. Lapel collar and long sleeves with buttoned cuffs. Chest patch pocket. Front button closure.,OVERSHIRT,Clothing,134104,End-cap,No,0,19-02-2024 08:51:38,Yes,MAN,313027279-800-2,jackets,https://www.zara.com/us/en/overshirt-p00706623.html,59.9,1466
Zara,USD,Cropped overshirt. Lapel collar and long sleeves with buttoned cuffs. Chest patch pocket. Irregular trim. Front button closure.,PLAID OVERSHIRT,Clothing,120266,Front of Store,No,0,19-02-2024 08:51:38,No,MAN,320671529-802-2,jackets,https://www.zara.com/us/en/plaid-overshirt-p04266381.html,59.9,2328
Zara,USD,Overshirt with lapel collar and long sleeves with buttoned cuffs. Chest patch pocket. Front button closure.,POCKET OVERSHIRT,Clothing,173550,End-cap,No,0,19-02-2024 08:51:39,Yes,MAN,323646471-802-2,jackets,https://www.zara.com/us/en/pocket-overshirt-p05070314.html,59.9,1431
Zara,USD,Relaxed fit overshirt made of wool blend fabric. Lapel collar and long sleeves with buttoned cuffs. Welt pockets at hip. Front zip closure.,ZIPPERED WOOL BLEND OVERSHIRT,Clothing,175927,End-cap,No,0,19-02-2024 08:51:39,Yes,MAN,312978838-611-2,jackets,https://www.zara.com/us/en/zippered-wool-blend-overshirt-p05854401.html,109,1506
Zara,USD,Relaxed fit overshirt made with cotton fabric. Lapel collar and long sleeves with buttoned cuffs. Welt pockets at hip. Front button closure.,GEOMETRIC JACQUARD OVERSHIRT,Clothing,154278,End-cap,No,0,19-02-2024 08:51:40,Yes,MAN,336446858-822-2,jackets,https://www.zara.com/us/en/geometric-jacquard-overshirt-p04196412.html,89.9,2749
Zara,USD,Relaxed fit overshirt. Lapel collar and long sleeves with snap button cuffs. Chest patch pockets. Side vents at hem. Front snap button closure.,PAINT PRINT OVERSHIRT,Clothing,183537,Front of Store,Yes,1,19-02-2024 08:51:40,Yes,MAN,281883711-071-2,jackets,https://www.zara.com/us/en/paint-print-overshirt-p05320305.html,19.99,2250
Zara,USD,Overshirt with quilted interior. Lapel collar and long sleeves with buttoned cuffs. Flap patch pockets at chest and in-seam pockets at side hip. Front snap button closure.,PADDED CORDUROY OVERSHIRT,Clothing,150424,Front of Store,No,0,19-02-2024 08:51:41,Yes,MAN,313008692-514-2,jackets,https://www.zara.com/us/en/padded-corduroy-overshirt-p01063400.html,79.9,2067
Zara,USD,Regular fit overshirt made of cotton. Lapel collar and long sleeves with buttoned cuffs. Chest patch pockets. Front button closure.,PLAID TIE DYE OVERSHIRT,Clothing,183825,Aisle,Yes,1,19-02-2024 08:51:41,Yes,MAN,281593208-015-2,jackets,https://www.zara.com/us/en/plaid-tie-dye-overshirt-p01063313.html,19.99,2763
Zara,USD,Relaxed fit overshirt made with cotton fabric. Lapel collar and long sleeves with buttoned cuffs. Chest patch pocket. Contrasting topstitching all over the garment. Front button closure.,OVERSHIRT WITH CONTRASTING TOPSTITCHING,Clothing,144012,Front of Store,Yes,1,19-02-2024 08:51:42,No,MAN,314937772-710-2,jackets,https://www.zara.com/us/en/overshirt-with-contrasting-topstitching-p06917325.html,59.9,640
Zara,USD,Regular fit overshirt with quilted interior. Lapel collar and long sleeves with buttoned cuffs. Patch pockets at chest and welt pockets at hip. Front button closure.,QUILTED STRUCTURED OVERSHIRT,Clothing,147051,Front of Store,No,0,19-02-2024 08:51:42,No,MAN,320278659-251-2,jackets,https://www.zara.com/us/en/quilted-structured-overshirt-p09621370.html,109,2325
Zara,USD,Regular fit overshirt with lightly padded interior. Lapel collar and long sleeves with buttoned cuffs. Flap pockets at hip. Front button closure.,TECHNICAL OVERSHIRT,Clothing,185800,End-cap,No,0,19-02-2024 08:51:43,Yes,MAN,321993245-500-2,jackets,https://www.zara.com/us/en/technical-overshirt-p05320500.html,109,1841
Zara,USD,Relaxed fit overshirt. Lapel collar and long sleeves with buttoned cuffs. Chest patch pocket. Front button closure.,PLAID OVERSHIRT,Clothing,197524,Aisle,Yes,1,19-02-2024 08:51:43,Yes,MAN,330590505-500-2,jackets,https://www.zara.com/us/en/plaid-overshirt-p07446410.html,49.9,2062
Zara,USD,Fisherman sandals. Made of leather with a suede finish. Crossed straps at front. Buckled ankle strap closure. Slightly chunky soles.,SUEDE FISHERMAN SANDALS,Clothing,148823,Aisle,No,0,19-02-2024 09:00:28,Yes,MAN,320680326-107-39,shoes,https://www.zara.com/us/en/suede-fisherman-sandals-p12436320.html,89.9,2211
Zara,USD,Running shoes. Upper in a combination of pieces and finishes. Front zip closure. Back pull tab for ease. Chunky soles with irregular design.,ZIPPER MULTIPIECE SNEAKERS,Clothing,114550,End-cap,No,0,19-02-2024 09:00:29,No,MAN,311292244-800-39,shoes,https://www.zara.com/us/en/zipper-multipiece-sneakers-p12319220.html,69.9,2114
Zara,USD,Slip on sneakers. Made of leather with a suede finish. Upper in a combination of pieces. Chunky sole.,SUEDE LACELESS SNEAKERS,Clothing,125398,Aisle,Yes,1,19-02-2024 09:00:30,Yes,MAN,311307610-400-39,shoes,https://www.zara.com/us/en/suede-laceless-sneakers-p12221320.html,69.9,1248
Zara,USD,Sneakers. Combination of colors and pieces at upper. Lacing with six pairs of eyelets. Chunky rubber sole with irregular design.,MULTICOLOR SNEAKERS,Clothing,123985,End-cap,No,0,19-02-2024 09:00:31,No,MAN,311302877-203-39,shoes,https://www.zara.com/us/en/multicolor-sneakers-p12304320.html,69.9,2240
Zara,USD,Running shoes. Upper in a combination of pieces and materials. Lacing with seven pairs of eyelets. Chunky lug soles. Retro-inspired design.,RETRO RUNNING SNEAKERS,Clothing,186638,End-cap,Yes,1,19-02-2024 09:00:31,No,MAN,311302598-500-39,shoes,https://www.zara.com/us/en/retro-running-sneakers-p12350320.html,59.9,1118
Zara,USD,High top sneakers. Upper in a combination of pieces and materials. Lacing with seven pairs of eyelets. Chunky tonal sole.,SUEDE HIGH-TOPS,Clothing,167281,End-cap,Yes,1,19-02-2024 09:00:32,Yes,MAN,311297328-800-39,shoes,https://www.zara.com/us/en/suede-high-tops-p12120320.html,59.9,824
Zara,USD,Sandals. Made of leather with a suede finish. Two crossed wide straps at instep. Thick lightweight soles.,SUEDE STRAP SANDALS,Clothing,118578,End-cap,No,0,19-02-2024 09:00:33,Yes,MAN,311302865-804-39,shoes,https://www.zara.com/us/en/suede-strap-sandals-p12707320.html,49.9,1678
Zara,USD,Sneakers. Upper in a combination of pieces and colors. Lacing with seven pairs of eyelets. Chunky sole with a combination of colors. Retro-inspired design.,MULTIPIECE SNEAKERS,Clothing,174041,End-cap,No,0,19-02-2024 09:00:33,No,MAN,311307489-203-39,shoes,https://www.zara.com/us/en/multipiece-sneakers-p12215320.html,49.9,2016
Zara,USD,Sneakers. Pieces and topstitching at upper. Lacing with six pairs of eyelets. Contrasting slightly chunky soles.,TOPSTITCH SNEAKERS,Clothing,127644,Front of Store,No,0,19-02-2024 09:00:34,Yes,MAN,311287075-120-39,shoes,https://www.zara.com/us/en/topstitch-sneakers-p12240320.html,45.9,1498
Zara,USD,Sneakers. Upper in a combination of pieces and materials. Lacing with seven pairs of eyelets. Quilted back piece. Chunky sole. Retro style.,RETRO SNEAKERS,Clothing,132007,Aisle,No,0,19-02-2024 09:00:35,Yes,MAN,276378605-515-39,shoes,https://www.zara.com/us/en/retro-sneakers-p12280220.html,9.99,2491
Zara,USD,High-top sneakers. Upper in a combination of pieces. Laces with ten pairs of eyelets. Chunky sole.,RETRO HIGH TOP SNEAKERS,Clothing,147998,Aisle,No,0,19-02-2024 09:00:36,No,MAN,277776476-700-39,shoes,https://www.zara.com/us/en/retro-high-top-sneakers-p12180220.html,9.99,2556
Zara,USD,Sneakers. Upper in a combination of pieces and colors. Lacing with six pairs of eyelets. Textured chunky soles. Retro style.,MULTI-PIECED RETRO SNEAKERS,Clothing,176666,Aisle,Yes,1,19-02-2024 09:00:37,No,MAN,313381662-202-39,shoes,https://www.zara.com/us/en/multi-pieced-retro-sneakers-p12220320.html,45.9,2460
Zara,USD,Loafers. Made of leather. Smooth upper with ruching at toe. Decorative fringed tassels at instep. Rounded shape. Welt around upper. Chunky lug soles.,TASSEL LEATHER LOAFERS,Clothing,193686,Aisle,Yes,1,19-02-2024 09:00:38,No,MAN,311292343-700-39,shoes,https://www.zara.com/us/en/tassel-leather-loafers-p12609320.html,99.9,1638
Zara,USD,Suede leather boots. Ridged seam detail at upper. Lacing with two pairs of eyelets. Welt around upper. Slightly chunky sole.,MOC-TOE SUEDE BOOTS,Clothing,163610,Front of Store,Yes,1,19-02-2024 09:00:39,No,MAN,311309627-805-39,shoes,https://www.zara.com/us/en/moc-toe-suede-boots-p12015320.html,89.9,2127
Zara,USD,Sandals with two straps. The thin straps hug the instep. Slightly chunky sole.,STRAP SANDALS,Clothing,170364,Aisle,No,0,19-02-2024 09:00:39,No,MAN,315851805-800-39,shoes,https://www.zara.com/us/en/strap-sandals-p12765320.html,45.9,818
Zara,USD,Sneakers. Made of leather. Combination of finishes and materials at upper. Lacing with seven pairs of eyelets. Chunky sole in a combination of colors. Retro-inspired design.,SUEDE RETRO SNEAKERS,Clothing,167599,Aisle,No,0,19-02-2024 09:00:40,No,MAN,311292644-400-39,shoes,https://www.zara.com/us/en/suede-retro-sneakers-p12309320.html,59.9,1500
Zara,USD,Lace-up boots. Upper in a combination of pieces and finishes. Laces with metal appliqués and seven pairs of eyelets. Welt detail around upper. Rounded shape. Chunky lug soles.,HIKING BOOTS,Clothing,166421,End-cap,Yes,1,19-02-2024 09:00:42,No,MAN,311302552-800-39,shoes,https://www.zara.com/us/en/hiking-boots-p12103320.html,79.9,2482
Zara,USD,Sneakers. Made of leather with a suede finish. Laces with five pairs of eyelets. Chunky soles.,SUEDE SNEAKERS,Clothing,129247,Front of Store,Yes,1,19-02-2024 09:00:42,No,MAN,311302532-102-39,shoes,https://www.zara.com/us/en/suede-sneakers-p12502320.html,69.9,2058
Zara,USD,Ankle boots. Made of leather with a suede finish. Faux shearling interior and side detail. Rounded shape. Welt around upper. Back pull tab. Chunky lug soles.,FAUX SHEARLING LINED SUEDE BOOTS,Clothing,127314,End-cap,Yes,1,19-02-2024 09:00:43,Yes,MAN,311287147-723-39,shoes,https://www.zara.com/us/en/faux-shearling-lined-suede-boots-p12050320.html,99.9,1919
Zara,USD,Sneakers. Upper in a combination of pieces and textures. Shoelaces with six pairs of eyelets at different heights. Chunky irregular design soles. Retro-inspired design.,CHUNKY SNEAKERS,Clothing,111979,Front of Store,No,0,19-02-2024 09:00:44,No,MAN,311307332-202-39,shoes,https://www.zara.com/us/en/chunky-sole-multipiece-sneakers-p12266220.html,59.9,2734
Zara,USD,Sandals. Made of leather with a suede finish. Two wide straps at instep with buckles. Insole with anatomical shaped footbed. Welt around upper. Chunky lug soles.,DOUBLE STRAP SUEDE SANDALS,Clothing,120354,Aisle,Yes,1,19-02-2024 09:00:44,No,MAN,311282293-131-39,shoes,https://www.zara.com/us/en/double-strap-suede-sandals-p12716320.html,59.9,2446
Zara,USD,High shaft boots. Lacing with eight pairs of eyelets. Back pull tab for ease. Rounded shape. Chunky lug soles.,CHUNKY SOLE CANVAS LACE-UP BOOTS,Clothing,144848,Front of Store,No,0,19-02-2024 09:00:46,No,MAN,311287149-800-39,shoes,https://www.zara.com/us/en/chunky-sole-canvas-lace-up-boots-p12005320.html,89.9,2193
Zara,USD,Loafers. Made of leather with a suede finish. Ornamental saddle detail at instep. Rounded shape. Contrasting colored sole.,SUEDE PENNY LOAFERS,Clothing,111957,Aisle,Yes,1,19-02-2024 09:00:47,No,MAN,311307624-500-39,shoes,https://www.zara.com/us/en/suede-penny-loafers-p12644320.html,89.9,1866
Zara,USD,Sneakers. Monochromatic. Upper in a combination of pieces. Closure with three adhesive straps. Slightly chunky sole.,ADHERENT STRIPES SNEAKERS,Clothing,160763,Front of Store,Yes,1,19-02-2024 09:00:47,Yes,MAN,311282212-800-39,shoes,https://www.zara.com/us/en/adherent-stripes-sneakers-p12269320.html,45.9,916
Zara,USD,Running shoes. Upper in a combination of pieces and finishes. Lacing with six pairs of eyelets. Chunky soles with irregular design. Lug soles. Trek style.,MULTIPIECE SNEAKERS,Clothing,168270,End-cap,Yes,1,19-02-2024 09:00:48,Yes,MAN,311292281-203-39,shoes,https://www.zara.com/us/en/multipiece-sneakers-p12318220.html,69.9,1409
Zara,USD,High top sneakers. Lacing with nine pairs of eyelets. Contrasting foxing around the upper. Chunky rubberized soles.,CHUNKY SOLE HIGH TOP SNEAKERS,Clothing,195082,Front of Store,No,0,19-02-2024 09:00:48,No,MAN,311302515-800-39,shoes,https://www.zara.com/us/en/chunky-sole-high-top-sneakers-p12104320.html,69.9,923
Zara,USD,Sneakers. Made of leather. Upper in a combination of pieces and finishes. Lacing with six pairs of eyelets. Rounded shape. Chunky sole.,CONTRAST SOLE LEATHER SNEAKERS,Clothing,110329,Front of Store,No,0,19-02-2024 09:00:49,Yes,MAN,314937773-800-39,shoes,https://www.zara.com/us/en/contrast-sole-leather-sneakers-p12510320.html,69.9,2397
Zara,USD,Running shoes. Made of suede leather. Upper in a combination of materials and colors. Lacing with six pairs of eyelets. Chunky soles with irregular design.,SUEDE RUNNING SNEAKERS,Clothing,147449,End-cap,No,0,19-02-2024 09:00:49,No,MAN,316608794-802-39,shoes,https://www.zara.com/us/en/suede-running-sneakers-p12320320.html,69.9,1191
Zara,USD,Sandals. Made of leather. Three woven wide straps at instep. Chunky sole.,WOVEN LEATHER SLIDES,Clothing,193332,Aisle,Yes,1,19-02-2024 09:00:50,No,MAN,319205037-800-39,shoes,https://www.zara.com/us/en/woven-leather-slides-p12708320.html,49.9,1067
Zara,USD,Sneakers. Made of leather with a suede finish. Contrast lacing with seven pairs of eyelets. Welt around upper. Chunky sole.,SUEDE SNEAKERS,Clothing,146804,Aisle,Yes,1,19-02-2024 09:00:52,No,MAN,311307495-131-39,shoes,https://www.zara.com/us/en/suede-sneakers-p12216320.html,69.9,1297
Zara,USD,Woven V-neckline long sleeve sweater. Asymmetric hem.,ASYMMETRIC CROPPED KNIT SWEATER,Clothing,188909,Aisle,Yes,1,19-02-2024 09:10:32,Yes,WOMAN,336449731-712-1,sweaters,https://www.zara.com/us/en/asymmetric-cropped-knit-sweater-p06771149.html,39.9,2647
Zara,USD,Sweater made with 22% wool and 10% alpaca. Round neck and long sleeves. Faux pearl appliqué.,KNIT SWEATER WITH PEARLS,Clothing,165910,End-cap,Yes,1,19-02-2024 09:10:33,No,WOMAN,313890651-712-2,sweaters,https://www.zara.com/us/en/knit-sweater-with-pearls-p02142249.html,69.9,2380
Zara,USD,Sweater with high collar and long sleeves. Front pocket. Side vents at hem. Rib trim.,HIGH COLLAR KNIT SWEATER,Clothing,136738,Front of Store,No,0,19-02-2024 09:10:33,Yes,WOMAN,287414911-803-2,sweaters,https://www.zara.com/us/en/high-collar-knit-sweater-p01509118.html,7.99,542
Zara,USD,Sweater with high collar and long sleeves. Front zip closure.,STRIPED KNIT SWEATER,Clothing,144497,End-cap,Yes,1,19-02-2024 09:10:34,Yes,WOMAN,342171615-104-2,sweaters,https://www.zara.com/us/en/striped-knit-sweater-p06427115.html,49.9,1021
Zara,USD,Round neck long sleeve sweater. Metallic fabric detail and frayed trim.,CABLE KNIT METALLIC SWEATER,Clothing,135036,End-cap,Yes,1,19-02-2024 09:10:35,No,WOMAN,314152967-485-2,sweaters,https://www.zara.com/us/en/cable-knit-metallic-sweater-p04369103.html,49.9,1237
Zara,USD,Wool and silk blend sweater. Asymmetric neckline and long sleeves.,ASYMMETRICAL WOOL AND SILK BLEND SWEATER,Clothing,166331,Aisle,Yes,1,19-02-2024 09:10:35,Yes,WOMAN,324186867-642-2,sweaters,https://www.zara.com/us/en/asymmetrical-wool-and-silk-blend-sweater-p09598025.html,59.9,2660
Zara,USD,Sweater made with 80% wool and 20% cashmere. Round neck and long sleeves.,WOOL AND CASHMERE BLEND RIB SWEATER,Clothing,139789,Aisle,No,0,19-02-2024 09:10:36,Yes,WOMAN,316900618-809-2,sweaters,https://www.zara.com/us/en/wool-and-cashmere-blend-rib-sweater-p02893054.html,69.9,1094
Zara,USD,Sweater made with 31% wool and 28% alpaca. Round neck and long sleeves.,ALPACA AND WOOL BLEND TIE DYE KNIT SWEATER,Clothing,118569,Aisle,No,0,19-02-2024 09:10:36,Yes,WOMAN,313890645-330-2,sweaters,https://www.zara.com/us/en/alpaca-and-wool-blend-tie-dye-knit-sweater-p02142220.html,49.9,994
Zara,USD,Wool and silk blend top. High collar and long sleeves.,MOCK NECK WOOL AND SILK BLEND KNIT TOP,Clothing,155848,End-cap,Yes,1,19-02-2024 09:10:37,No,WOMAN,324597432-800-2,sweaters,https://www.zara.com/us/en/mock-neck-wool-and-silk-blend-knit-top-p09598125.html,49.9,1675
Zara,USD,Sweater made with 95% cashmere. V-neck and long sleeves. Rib trim.,CASHMERE BLEND KNIT SWEATER,Clothing,152563,Front of Store,No,0,19-02-2024 09:10:37,Yes,WOMAN,313890686-731-2,sweaters,https://www.zara.com/us/en/cashmere-blend-knit-sweater-p02893169.html,169,2572
Zara,USD,Sweater made with 63% alpaca. Round neck and long sleeves.,ALPACA BLEND OPEN KNIT SWEATER,Clothing,115153,Aisle,No,0,19-02-2024 09:10:38,No,WOMAN,313890650-712-2,sweaters,https://www.zara.com/us/en/alpaca-blend-open-knit-sweater-p05755132.html,79.9,1736
Zara,USD,Sweater made with 20% wool and 17% alpaca. Crew neck and long sleeves. Tonal rib trim.,OVERSIZED KNIT SWEATER,Clothing,125938,Aisle,Yes,1,19-02-2024 09:10:39,Yes,WOMAN,313890680-450-2,sweaters,https://www.zara.com/us/en/oversized-knit-sweater-p09598288.html,49.9,1113
Zara,USD,Sweater made with 31% wool. Round neck and long sleeves. Rib trim.,WOOL BLEND KNIT SWEATER,Clothing,122809,End-cap,No,0,19-02-2024 09:10:39,Yes,WOMAN,344575855-982-2,sweaters,https://www.zara.com/us/en/wool-blend-knit-sweater-p02893159.html,49.9,1592
Zara,USD,Sweater made of soft touch fabric. Round neckline with jewel appliqués and long sleeves.,SOFT JEWEL SWEATER,Clothing,181502,Front of Store,Yes,1,19-02-2024 09:10:40,No,WOMAN,323175653-803-2,sweaters,https://www.zara.com/us/en/soft-jewel-sweater-p02298153.html,39.9,2235
Zara,USD,Round neck short sleeve sweater. Soft feel faux fur fabric. Jewel appliqués.,FAUX FUR JEWEL SWEATER,Clothing,182779,End-cap,Yes,1,19-02-2024 09:10:41,Yes,WOMAN,324814227-400-2,sweaters,https://www.zara.com/us/en/faux-fur-jewel-sweater-p07901339.html,35.9,1938
Zara,USD,Round neck long sleeve sweater. Side slit at hem with metal bead appliqués.,METAL BEAD KNIT SWEATER,Clothing,155674,Front of Store,No,0,19-02-2024 09:10:42,No,WOMAN,323218942-800-2,sweaters,https://www.zara.com/us/en/metal-bead-knit-sweater-p03920018.html,49.9,897
Zara,USD,Basic sweater with round neck and long sleeves. Side button details at shoulders.,KNIT SWEATER WITH BUTTONS,Clothing,182866,Aisle,No,0,19-02-2024 09:10:42,Yes,WOMAN,313890656-800-2,sweaters,https://www.zara.com/us/en/knit-sweater-with-buttons-p08851131.html,39.9,1552
Zara,USD,Round neck sweater with jewel appliqués and long sleeves. Back opening with button closure.,JEWEL KNIT SWEATER,Clothing,148230,Front of Store,Yes,1,19-02-2024 09:10:43,No,WOMAN,321480271-802-2,sweaters,https://www.zara.com/us/en/jewel-knit-sweater-p05755005.html,59.9,2151
Zara,USD,Round neck long sleeve sweater. Contrasting piping detail. Rib trim.,KNIT SWEATER WITH PIPING,Clothing,126979,Front of Store,No,0,19-02-2024 09:10:43,No,WOMAN,311297787-806-1,sweaters,https://www.zara.com/us/en/knit-sweater-with-piping-p05536151.html,49.9,2141
Zara,USD,Cropped fine knit sweater with round neck and long sleeves.,FINE KNIT CROP SWEATER,Clothing,135521,End-cap,No,0,19-02-2024 09:10:44,Yes,WOMAN,322677494-446-1,sweaters,https://www.zara.com/us/en/fine-knit-crop-sweater-p09598029.html,39.9,2835
Zara,USD,Round neck long sleeve sweater. Openwork detail with rips.,KNIT SWEATER WITH RIPS,Clothing,185809,End-cap,No,0,19-02-2024 09:10:44,No,WOMAN,313890688-330-1,sweaters,https://www.zara.com/us/en/knit-sweater-with-rips-p00021110.html,49.9,622
Zara,USD,Round neck long sleeve sweater. Fitted waist with side ruching.,GATHERED WAIST KNIT SWEATER,Clothing,171520,End-cap,Yes,1,19-02-2024 09:10:45,Yes,WOMAN,322451460-800-1,sweaters,https://www.zara.com/us/en/gathered-waist-knit-sweater-p05536012.html,47.9,2682
Zara,USD,V-neck sweater with long sleeves. Rib trim.,KNIT V-NECK SWEATER,Clothing,122926,End-cap,No,0,19-02-2024 09:10:46,No,WOMAN,319465261-800-2,sweaters,https://www.zara.com/us/en/knit-v-neck-sweater-p06771003.html,45.9,867
Zara,USD,Round neck long sleeve sweater. Rib trim.,BASIC FOIL KNIT SWEATER,Clothing,150953,Front of Store,Yes,1,19-02-2024 09:10:46,Yes,WOMAN,317331009-312-2,sweaters,https://www.zara.com/us/en/basic-foil-knit-sweater-p00506101.html,35.9,2250
Zara,USD,V-neck cropped sweater with long sleeves. Front patch pockets. Contrast topstitching.,CONTRAST TOPSTITCHING CROP KNIT SWEATER,Clothing,115873,End-cap,Yes,1,19-02-2024 09:10:47,Yes,WOMAN,311297400-803-1,sweaters,https://www.zara.com/us/en/contrast-topstitching-crop-knit-sweater-p09598003.html,59.9,2409
Zara,USD,Long sleeve high collar cropped sweater. Frayed hem.,STRIPED CROP KNIT SWEATER,Clothing,115581,Aisle,No,0,19-02-2024 09:10:47,Yes,WOMAN,336449779-104-1,sweaters,https://www.zara.com/us/en/striped-crop-knit-sweater-p06771158.html,47.9,2728
Zara,USD,Long sleeve round neck sweater. Side vents at hem. Rib trim.,BASIC KNIT SWEATER,Clothing,183634,Front of Store,Yes,1,19-02-2024 09:10:48,Yes,WOMAN,324593343-043-2,sweaters,https://www.zara.com/us/en/basic-knit-sweater-p01509115.html,27.9,2568
Zara,USD,V-neck sweater with long sleeves. Side vents at hem.,V-NECK KNIT SWEATER,Clothing,122484,Aisle,Yes,1,19-02-2024 09:10:49,Yes,WOMAN,319473750-809-1,sweaters,https://www.zara.com/us/en/v-neck-knit-sweater-p03519001.html,47.9,515
Zara,USD,Ribbed sweater with round neck and long sleeves. Ripped hem.,FOIL KNIT CROP SWEATER,Clothing,183574,Aisle,Yes,1,19-02-2024 09:10:49,Yes,WOMAN,331789902-808-1,sweaters,https://www.zara.com/us/en/foil-knit-crop-sweater-p06771001.html,47.9,1619
Zara,USD,Sweater made of 100% wool. Round neck and long sleeves. Ribbed trim.,BASIC 100% WOOL SWEATER,Clothing,185307,Front of Store,No,0,19-02-2024 09:10:50,Yes,WOMAN,300250126-401-2,sweaters,https://www.zara.com/us/en/basic-100-wool-sweater-p02893106.html,7.99,2743
Zara,USD,Short sweater with round neck and long sleeves.,COLORBLOCK KNIT CROP SWEATER,Clothing,118719,End-cap,No,0,19-02-2024 09:10:51,Yes,WOMAN,320052978-401-2,sweaters,https://www.zara.com/us/en/colorblock-knit-crop-sweater-p05536008.html,45.9,1669
Zara,USD,V-neck sweater with long sleeves.,FINE KNIT SWEATER,Clothing,134788,Front of Store,No,0,19-02-2024 09:10:51,No,WOMAN,324722597-400-2,sweaters,https://www.zara.com/us/en/fine-knit-sweater-p09598045.html,45.9,2179
Zara,USD,High collar sweater with long sleeves. Open back detail and pearl appliqués. Back button closure.,KNIT OPEN BACK PEARLY SWEATER,Clothing,140142,Front of Store,Yes,1,19-02-2024 09:10:52,No,WOMAN,328207551-500-2,sweaters,https://www.zara.com/us/en/knit-open-back-pearly-sweater-p04331152.html,49.9,522
Zara,USD,Round neck long sleeve sweater. Tonal pearl appliqués and open back with tie.,KNIT PEARL SWEATER,Clothing,153997,End-cap,No,0,19-02-2024 09:10:52,Yes,WOMAN,318131967-800-2,sweaters,https://www.zara.com/us/en/knit-pearl-sweater-p04331165.html,45.9,1608
Zara,USD,Relaxed fit overshirt. Lapel collar and long sleeves with buttoned cuffs. Patch pockets at hip. Front button closure.,STRIPED TEXTURED OVERSHIRT,Clothing,123230,Aisle,No,0,19-02-2024 08:51:29,Yes,MAN,324027512-064-2,jackets,https://www.zara.com/us/en/striped-textured-overshirt-p04179056.html,69.9,880
Zara,USD,Regular fit overshirt. Lapel collar and long sleeves with buttoned cuffs. Chest patch pockets. Front button closure.,FLEECE OVERSHIRT,Clothing,154676,Aisle,No,0,19-02-2024 08:51:29,No,MAN,311292623-712-97,jackets,https://www.zara.com/us/en/fleece-overshirt-p01248320.html,69.9,943
Zara,USD,Relaxed fit overshirt. Lapel collar and long sleeves with buttoned cuffs. Chest patch pockets. Front button closure.,PLAID OVERSHIRT,Clothing,152985,Aisle,Yes,1,19-02-2024 08:51:30,Yes,MAN,319162032-064-2,jackets,https://www.zara.com/us/en/plaid-overshirt-p04054659.html,89.9,969
Zara,USD,Baggy jeans. Five pockets. Washed effect. Front zip and button closure.,BAGGY FIT JEANS LIMITED EDITION,Clothing,175584,Front of Store,No,0,19-02-2024 08:54:38,No,MAN,324908098-800-38,jeans,https://www.zara.com/us/en/baggy-fit-jeans-limited-edition-p03991480.html,69.9,2084
Zara,USD,Baggy jeans. Self belt at waist. Front pockets and back patch pockets. Washed effect. Front button closure.,BAGGY BELTED JEANS,Clothing,147491,End-cap,No,0,19-02-2024 08:54:38,No,MAN,326540983-802-36,jeans,https://www.zara.com/us/en/baggy-belted-jeans-p04365401.html,59.9,1563
Zara,USD,Baggy fit jeans. Five pockets. Washed effect. Front zip and button closure.,BAGGY FIT JEANS,Clothing,198283,End-cap,Yes,1,19-02-2024 08:54:39,Yes,MAN,315836999-406-34,jeans,https://www.zara.com/us/en/baggy-fit-jeans-p08062482.html,69.9,1440
Zara,USD,Baggy fit jeans. Five pockets. Washed effect. Front zip and button closure.,BAGGY FIT JEANS,Clothing,141547,End-cap,No,0,19-02-2024 08:54:39,No,MAN,315738965-802-34,jeans,https://www.zara.com/us/en/baggy-fit-jeans-p06688486.html,69.9,1426
Zara,USD,Flared jeans. Patch pockets with flaps at hip. Patch pocket appliqués at legs. Washed effect. Adjustable hem with zippers. Front zipper and crossover button closure.,FLARED FIT CARGO JEANS,Clothing,156342,Front of Store,Yes,1,19-02-2024 08:54:40,Yes,MAN,311287318-400-38,jeans,https://www.zara.com/us/en/flared-fit-cargo-jeans-p06688411.html,109,1259
Zara,USD,Wide fit jeans. Adjustable interior elastic waistband with front pleats. Front pockets and back patch pockets. Washed effect. Front zip and button closure.,PLEATED WIDE FIT JEANS,Clothing,186083,End-cap,No,0,19-02-2024 08:54:41,Yes,MAN,312393140-406-2,jeans,https://www.zara.com/us/en/pleated-wide-fit-jeans-p05862417.html,49.9,624
Zara,USD,Relaxed fit shirt made of denim fabric. Lapel collar and short sleeves. Chest patch pocket. Washed effect. Front button closure.,DENIM SHIRT,Clothing,171776,Aisle,Yes,1,19-02-2024 08:54:41,No,MAN,275600408-400-2,jeans,https://www.zara.com/us/en/denim-shirt-p06085371.html,12.99,1453
Zara,USD,Straight fit jeans. Five pockets. Washed effect with rips at legs. Front button closure.,RIPPED STRAIGHT FIT JEANS,Clothing,134429,Aisle,No,0,19-02-2024 08:54:42,No,MAN,311303003-407-38,jeans,https://www.zara.com/us/en/ripped-straight-fit-jeans-p03991404.html,69.9,2914
Zara,USD,Sweater made of 30% wool thread. Round neck and long sleeves. Rib trim.,TEXTURED SWEATER,Clothing,172816,Aisle,No,0,19-02-2024 08:54:44,Yes,MAN,311307250-710-3,sweaters,https://www.zara.com/us/en/textured-sweater-p02893403.html,69.9,1524
Zara,USD,High collar sweater with front zipper. Long sleeves. Rib trim.,PURL KNIT SWEATER,Clothing,136272,End-cap,No,0,19-02-2024 08:54:45,Yes,MAN,267195405-500-3,sweaters,https://www.zara.com/us/en/purl-knit-sweater-p03332300.html,12.99,2887
Zara,USD,Round neck long sleeve full cut sweater. Rib trim.,BRAIDED COLOR BLOCK SWEATER,Clothing,193227,End-cap,Yes,1,19-02-2024 08:54:46,Yes,MAN,317894313-707-3,sweaters,https://www.zara.com/us/en/braided-color-block-sweater-p03284412.html,69.9,1643
Zara,USD,Cotton blend sweater. Round neck and long sleeves. Contrast interior. Rib trim.,CONTRAST INTERIOR SWEATER,Clothing,165786,End-cap,No,0,19-02-2024 08:54:47,Yes,MAN,315075917-803-2,sweaters,https://www.zara.com/us/en/contrast-interior-sweater-p04696400.html,59.9,1278
Zara,USD,Full cut cotton knit sweater. Round neck and long sleeves. Rib trim.,ABSTRACT JACQUARD SWEATER,Clothing,174708,Front of Store,No,0,19-02-2024 08:54:47,Yes,MAN,317889153-700-3,sweaters,https://www.zara.com/us/en/abstract-jacquard-sweater-p03284407.html,59.9,529
Zara,USD,Slim fit shirt. Round neck and short sleeves.,BASIC SLIM FIT T-SHIRT,Clothing,142257,Aisle,Yes,1,19-02-2024 08:56:26,Yes,MAN,315241755-800-2,t-shirts,https://www.zara.com/us/en/basic-slim-fit-t-shirt-p05584361.html,19.9,1090
Zara,USD,Cropped fit T-shirt with round neck and short sleeves. Contrasting front and back prints. Washed effect.,CROPPED WASHED T-SHIRT,Clothing,126146,Aisle,No,0,19-02-2024 08:56:27,No,MAN,320326523-707-2,t-shirts,https://www.zara.com/us/en/cropped-washed-t-shirt-p03665403.html,39.9,2759
Zara,USD,Roomy T-shirt made of dense cotton. Round neck and short sleeves.,BASIC HEAVYWEIGHT T-SHIRT,Clothing,129134,Aisle,No,0,19-02-2024 08:56:27,Yes,MAN,316715458-250-2,t-shirts,https://www.zara.com/us/en/basic-heavyweight-t-shirt-p01887450.html,29.9,1831
Zara,USD,Boxy fit T-shirt with round neck and short sleeves. Contrasting prints at shoulder and back.,HEART PRINT T-SHIRT,Clothing,129898,End-cap,No,0,19-02-2024 08:56:28,No,MAN,322677489-800-2,t-shirts,https://www.zara.com/us/en/heart-print-t-shirt-p06224419.html,39.9,1866
Zara,USD,Boxy fit T-shirt. Round neck and short sleeves. Velvet effect print with contrast text.,TEXT T-SHIRT,Clothing,189692,End-cap,Yes,1,19-02-2024 08:56:28,No,MAN,330077856-251-2,t-shirts,https://www.zara.com/us/en/text-t-shirt-p00962458.html,39.9,1339
Zara,USD,Cropped shirt. Round neckline. Contrasting front print. Washed effect. Irregular trim.,PRINTED CROPPED FIT SHIRT LIMITED EDITION,Clothing,154846,End-cap,Yes,1,19-02-2024 08:56:29,No,MAN,328232452-898-2,t-shirts,https://www.zara.com/us/en/printed-cropped-fit-shirt-limited-edition-p06224490.html,39.9,791
Zara,USD,Cotton knit tank top. Round neck with front button closure. Rib trim.,RIBBED KNIT T-SHIRT,Clothing,122307,End-cap,No,0,19-02-2024 08:56:30,No,MAN,317230892-251-3,t-shirts,https://www.zara.com/us/en/ribbed-knit-t-shirt-p03332431.html,49.9,702
Zara,USD,Oversized T-shirt. Round neck and short sleeves.,OVERSIZE FIT T-SHIRT,Clothing,182099,Aisle,Yes,1,19-02-2024 08:56:30,No,MAN,330478123-712-2,t-shirts,https://www.zara.com/us/en/oversize-fit-t-shirt-p04092405.html,39.9,1706
Zara,USD,Regular fit T-shirt. Round neck and short sleeves.,BASIC MEDIUM WEIGHT T-SHIRT,Clothing,159816,Front of Store,No,0,19-02-2024 08:56:31,Yes,MAN,318255748-250-2,t-shirts,https://www.zara.com/us/en/basic-medium-weight-t-shirt-p01887470.html,27.9,1961
Zara,USD,Full cut T-shirt made of mesh textured fabric. Contrast rib V-neckline and short sleeves. Front contrast printed text.,STRUCTURED TEXT T-SHIRT,Clothing,165326,Aisle,No,0,19-02-2024 08:56:31,No,MAN,319334069-712-2,t-shirts,https://www.zara.com/us/en/structured-text-t-shirt-p00761434.html,45.9,1188
Zara,USD,Full cut T-shirt with crew neck and short sleeves. Contrasting front and back prints. Washed effect.,ABSTRACT PRINT T-SHIRT,Clothing,185154,Aisle,Yes,1,19-02-2024 08:56:32,No,MAN,311307261-712-2,t-shirts,https://www.zara.com/us/en/abstract-print-t-shirt-p06224403.html,39.9,859
Zara,USD,Full cut T-shirt with round neck and short sleeves. Front tonal raised text. Washed effect.,RAISED TEXT T-SHIRT LIMITED EDITION,Clothing,141330,Aisle,No,0,19-02-2024 08:56:33,Yes,MAN,323216369-922-2,t-shirts,https://www.zara.com/us/en/raised-text-t-shirt-limited-edition-p00977490.html,39.9,1915
Zara,USD,Cropped fit knit shirt. Round neck and long sleeves. Washed effect.,RIBBED KNIT T-SHIRT,Clothing,158958,End-cap,No,0,19-02-2024 08:56:33,No,MAN,320111404-428-2,t-shirts,https://www.zara.com/us/en/ribbed-knit-t-shirt-p04805409.html,45.9,903
Zara,USD,Slim fit shirt made of wrinkle effect fabric. Round neck and long sleeves.,SEMI-SHEER KNIT SHIRT LIMITED EDITION,Clothing,155010,Aisle,Yes,1,19-02-2024 08:56:34,Yes,MAN,328232445-800-2,t-shirts,https://www.zara.com/us/en/semi-sheer-knit-shirt-limited-edition-p04805424.html,45.9,674
Zara,USD,Knit shirt in viscose blend fabric. Mock neck and short sleeves. Rib trim.,VISCOSE BLEND KNIT T-SHIRT,Clothing,135857,Aisle,No,0,19-02-2024 08:56:34,Yes,MAN,311297550-251-2,t-shirts,https://www.zara.com/us/en/viscose-blend-knit-t-shirt-p00693401.html,45.9,2045
Zara,USD,Relaxed fit T-shirt with round neck and short sleeves.,STRIPED JACQUARD T-SHIRT,Clothing,147690,Aisle,Yes,1,19-02-2024 08:56:35,No,MAN,322909502-819-2,t-shirts,https://www.zara.com/us/en/striped-jacquard-t-shirt-p05372400.html,39.9,760
Zara,USD,Cotton knit T-shirt. Round neck and short sleeves.,ABSTRACT PRINT KNIT T-SHIRT,Clothing,130321,End-cap,Yes,1,19-02-2024 08:56:35,No,MAN,320071210-802-2,t-shirts,https://www.zara.com/us/en/abstract-print-knit-t-shirt-p04805401.html,39.9,1805
Zara,USD,Full cut T-shirt made of mesh textured fabric. Contrast rib V-neckline and short sleeves. Front contrast printed text.,STRUCTURED TEXT T-SHIRT,Clothing,196752,End-cap,No,0,19-02-2024 08:56:36,No,MAN,319334070-401-2,t-shirts,https://www.zara.com/us/en/structured-text-t-shirt-p00761435.html,45.9,2227
Zara,USD,RETRO SNEAKERS,HERRINGBONE TEXTURED JACKET,Clothing,181011,Aisle,Yes,1,19-02-2024 09:10:32,Yes,MAN,322612356-505-2,shoes,https://www.zara.com/us/en/alpaca-blend-open-knit-sweater-p05755132.html,89.9,919
Zara,USD,V-neck sweater with long sleeves. Rib trim.,OVERSIZED CROPPED JACKET LIMITED EDITION,Clothing,139967,End-cap,No,0,19-02-2024 09:10:33,No,MAN,311282631-712-2,t-shirts,https://www.zara.com/us/en/oversized-knit-sweater-p09598288.html,69.9,2634
Zara,USD,Round neck long sleeve sweater. Metallic fabric detail and frayed trim.,LEATHER BIKER JACKET,Clothing,162699,End-cap,No,0,19-02-2024 09:10:33,Yes,MAN,329282612-401-2,sweaters,https://www.zara.com/us/en/wool-blend-knit-sweater-p02893159.html,89.9,2732
Zara,USD,Relaxed fit overshirt made of 25% wool fabric. Lapel collar and long sleeves with buttoned cuffs. Patch pocket at chest and side pockets at hip. Front button closure.,CROPPED LEATHER JACKET,Clothing,119044,Aisle,No,0,19-02-2024 09:10:34,Yes,MAN,320026789-714-2,sweaters,https://www.zara.com/us/en/soft-jewel-sweater-p02298153.html,169,1140
Zara,USD,Relaxed fit overshirt made of stretch fabric. Lapel collar and long sleeves with buttoned cuffs. Chest patch pocket. Front button closure.,FAUX LEATHER BOXY FIT JACKET,Clothing,121348,End-cap,No,0,19-02-2024 09:10:35,Yes,MAN,323216360-406-2,t-shirts,https://www.zara.com/us/en/faux-fur-jewel-sweater-p07901339.html,169,1008
Zara,USD,Cropped overshirt. Lapel collar and long sleeves with buttoned cuffs. Chest patch pocket. Irregular trim. Front button closure.,FAUX LEATHER JACKET,Clothing,163982,Front of Store,No,0,19-02-2024 09:10:35,No,MAN,318209963-800-2,t-shirts,https://www.zara.com/us/en/metal-bead-knit-sweater-p03920018.html,69.9,2685
Zara,USD,Overshirt with lapel collar and long sleeves with buttoned cuffs. Chest patch pocket. Front button closure.,FAUX SUEDE BOMBER JACKET,Clothing,185774,End-cap,Yes,1,19-02-2024 09:10:36,Yes,MAN,316727555-700-2,t-shirts,https://www.zara.com/us/en/knit-sweater-with-buttons-p08851131.html,19.99,1058
Zara,USD,Relaxed fit overshirt made of wool blend fabric. Lapel collar and long sleeves with buttoned cuffs. Welt pockets at hip. Front zip closure.,DENIM BOMBER JACKET,Clothing,144651,Aisle,Yes,1,19-02-2024 09:10:36,No,MAN,312571093-710-2,t-shirts,https://www.zara.com/us/en/jewel-knit-sweater-p05755005.html,139,1436
Zara,USD,Varsity jacket with elastic collar and long sleeves. Welt pockets at hip and interior pocket. Embroidered appliqué and contrast front and back patches. Rib trim. Front snap button closure.,BOUCLÉ TEXTURED JACKET,Clothing,195103,Aisle,Yes,1,19-02-2024 09:10:37,No,MAN,330290387-401-2,t-shirts,https://www.zara.com/us/en/knit-sweater-with-piping-p05536151.html,109,2284
Zara,USD,Quilted jacket made of technical fabric. Lapel collar and long sleeves. Welt pockets at hip. Rib trim. Front zip closure.,SUIT JACKET IN 100% LINEN,Clothing,123047,Aisle,No,0,19-02-2024 09:10:37,Yes,MAN,313027279-800-2,t-shirts,https://www.zara.com/us/en/fine-knit-crop-sweater-p09598029.html,109,2985
Zara,USD,Jacket made of technical fabric with padded interior. Lapel collar and long sleeves with elastic cuffs. Welt pockets at hip and interior pocket. Adjustable drawstring hem. Front snap button closure.,JACQUARD DENIM JACKET,Clothing,123077,Front of Store,No,0,19-02-2024 09:10:38,No,MAN,320671529-802-2,t-shirts,https://www.zara.com/us/en/knit-sweater-with-rips-p00021110.html,109,1603
Zara,USD,Slightly cropped denim jacket. Lapel collar and long sleeves with buttoned cuffs. Flap patch pocket at chest and side hip. Washed effect. Front button closure.,PADDED DENIM JACKET,Clothing,171860,Aisle,Yes,1,19-02-2024 09:10:39,No,MAN,323646471-802-2,t-shirts,https://www.zara.com/us/en/gathered-waist-knit-sweater-p05536012.html,109,566
Zara,USD,Boxy fit jacket. Lapel collar and long sleeves with buttoned cuffs. Patch pockets at hip. Washed effect.Asymmetric hem with side vents. Front button closure.,LEATHER JACKET,Clothing,149487,Aisle,No,0,19-02-2024 09:10:39,Yes,MAN,312978838-611-2,t-shirts,https://www.zara.com/us/en/knit-v-neck-sweater-p06771003.html,99.9,1258
Zara,USD,Jacket made of faux shearling fabric. V-neckline and long sleeves with elastic cuffs. Lined interior with structured mesh fabric. Welt pockets at hip. Adjustable hem with side elastics. Front snap button closure.,LIGHTWEIGHT BOMBER JACKET,Clothing,168516,Front of Store,Yes,1,19-02-2024 09:10:40,No,MAN,336446858-822-2,t-shirts,https://www.zara.com/us/en/basic-foil-knit-sweater-p00506101.html,89.9,1870
Zara,USD,Jacket with lightly padded interior. Corduroy lapel collar. Long sleeves. Patch pockets at hip. Front button closure.,SUIT JACKET,Clothing,177771,End-cap,Yes,1,19-02-2024 09:10:41,Yes,MAN,281883711-071-2,t-shirts,https://www.zara.com/us/en/contrast-topstitching-crop-knit-sweater-p09598003.html,69.9,1630
Zara,USD,Cropped overshirt. Lapel collar and long sleeves with buttoned cuffs. Front patch pockets. Irregular finished seams. Front button closure.,FAUX LEATHER BOMBER JACKET,Clothing,172015,End-cap,Yes,1,19-02-2024 09:10:42,Yes,MAN,313008692-514-2,t-shirts,https://www.zara.com/us/en/striped-crop-knit-sweater-p06771158.html,139,2253
Zara,USD,Vest made of viscose and wool blend fabric. V-neckline. Patch pockets at hip. Front zip closure.,PATCH BOMBER JACKET,Clothing,118985,Aisle,No,0,19-02-2024 09:10:42,Yes,MAN,281593208-015-2,t-shirts,https://www.zara.com/us/en/basic-knit-sweater-p01509115.html,139,694
Zara,USD,Varsity jacket made of faux suede fabric. Double welt pockets at hip and interior pocket. Front and back contrasting patch appliqués and embroidery. Rib trim. Front snap button closure.,STRETCH POCKET OVERSHIRT,Clothing,112194,Aisle,Yes,1,19-02-2024 09:10:43,Yes,MAN,314937772-710-2,jackets,https://www.zara.com/us/en/v-neck-knit-sweater-p03519001.html,109,1879
Zara,USD,Overshirt made of stretchy fabric. Lapel collar and long sleeves with snap buttoned cuffs. Chest patch pockets. Front snap button closure.,RIB COLLAR JACKET,Clothing,113435,Aisle,No,0,19-02-2024 09:10:43,Yes,MAN,320278659-251-2,jackets,https://www.zara.com/us/en/foil-knit-crop-sweater-p06771001.html,129,2973
Zara,USD,Jacket made of technical fabric with padded interior. Tonal elastic rib high collar. Long sleeves. Welt pockets at hip and interior pocket. Interior elastic finish. Front zip closure.,FAUX LEATHER OVERSIZED JACKET LIMITED EDITION,Clothing,159182,Front of Store,Yes,1,19-02-2024 09:10:44,No,MAN,321993245-500-2,jackets,https://www.zara.com/us/en/basic-100-wool-sweater-p02893106.html,169,813
Zara,USD,Oversized jacket. Notched lapel collar and long sleeves. Flap pockets at hip and interior pocket. Front button closure.,CONTRASTING PATCHES BOMBER JACKET,Clothing,199233,Aisle,Yes,1,19-02-2024 09:10:44,No,MAN,330590505-500-2,jackets,https://www.zara.com/us/en/colorblock-knit-crop-sweater-p05536008.html,159,1781
Zara,USD,Varsity jacket with elastic collar and long sleeves. Welt pockets at hip and interior pocket. Embroidered appliqué and contrast front and back patches. Rib trim. Front snap button closure.,PATCH BOMBER JACKET,Clothing,137044,Aisle,No,0,19-02-2024 09:10:45,Yes,MAN,320680326-107-39,jackets,https://www.zara.com/us/en/hooded-technical-jacket-p01538301.html,12.99,2534
Zara,USD,Varsity jacket with padded interior. Rib elastic collar and long sleeves in contrast faux leather. Double welt pockets at hip and interior pocket. Contrasting patch appliqués at front and back. Rib trim. Front snap button closure.,CROPPED BOMBER JACKET LIMITED EDITION,Clothing,154736,Front of Store,Yes,1,19-02-2024 09:10:46,Yes,MAN,311292244-800-39,jackets,https://www.zara.com/us/en/houndstooth-suit-jacket-p04285498.html,19.9,1355
Zara,USD,Jacket with lightly padded interior. Rib collar and long sleeves. Flap pockets at waist. Rib trim. Front asymmetric zip closure.,FAUX LEATHER PUFFER JACKET,Clothing,141434,Front of Store,No,0,19-02-2024 09:10:32,Yes,MAN,311307610-400-39,jackets,https://www.zara.com/us/en/bomber-jacket-p05344402.html,39.9,2870
